/*

valuesets.sql creates and populates the database with valueset tables.
(these SQL queries were generated by sql_valuesets_schema_inserts_generator.py)

* While these results could have obtained with a simple query e.g:

    SELECT DISTINCT OBSGEN_RESULT_MODIFIER
    FROM OBSGEN
    WHERE OBSGEN_RESULT_MODIFIER IS NOT NULL;

the point is obtain an uncorrupted source of truth which is achieved below.

*/

-- CREATING TABLES
DROP TABLE IF EXISTS `VS_OBSGEN_OBSGEN_RESULT_MODIFIER`;
CREATE TABLE `VS_OBSGEN_OBSGEN_RESULT_MODIFIER` (
`OBSGEN_RESULT_MODIFIER` CHAR(2),
CONSTRAINT `PK_VS_OBSGEN_OBSGEN_RESULT_MODIFIER` PRIMARY KEY (`OBSGEN_RESULT_MODIFIER`)
);

DROP TABLE IF EXISTS `VS_VITAL_TOBACCO`;
CREATE TABLE `VS_VITAL_TOBACCO` (
`TOBACCO` CHAR(2),
CONSTRAINT `PK_VS_VITAL_TOBACCO` PRIMARY KEY (`TOBACCO`)
);

DROP TABLE IF EXISTS `VS_HARVEST_REPORT_DATE_MGMT`;
CREATE TABLE `VS_HARVEST_REPORT_DATE_MGMT` (
`REPORT_DATE_MGMT` CHAR(2),
CONSTRAINT `PK_VS_HARVEST_REPORT_DATE_MGMT` PRIMARY KEY (`REPORT_DATE_MGMT`)
);

DROP TABLE IF EXISTS `VS_PROCM_PRO_MODE`;
CREATE TABLE `VS_PROCM_PRO_MODE` (
`PRO_MODE` CHAR(2),
CONSTRAINT `PK_VS_PROCM_PRO_MODE` PRIMARY KEY (`PRO_MODE`)
);

DROP TABLE IF EXISTS `VS_DIAGNOSIS_DX_ORIGIN`;
CREATE TABLE `VS_DIAGNOSIS_DX_ORIGIN` (
`DX_ORIGIN` CHAR(2),
CONSTRAINT `PK_VS_DIAGNOSIS_DX_ORIGIN` PRIMARY KEY (`DX_ORIGIN`)
);

DROP TABLE IF EXISTS `VS_DEMOGRAPHIC_PAT_PREF_LANGUAGE_SPOKEN`;
CREATE TABLE `VS_DEMOGRAPHIC_PAT_PREF_LANGUAGE_SPOKEN` (
`PAT_PREF_LANGUAGE_SPOKEN` CHAR(3),
CONSTRAINT `PK_VS_DEMOGRAPHIC_PAT_PREF_LANGUAGE_SPOKEN` PRIMARY KEY (`PAT_PREF_LANGUAGE_SPOKEN`)
);

DROP TABLE IF EXISTS `VS_DEATH_DEATH_DATE_IMPUTE`;
CREATE TABLE `VS_DEATH_DEATH_DATE_IMPUTE` (
`DEATH_DATE_IMPUTE` CHAR(2),
CONSTRAINT `PK_VS_DEATH_DEATH_DATE_IMPUTE` PRIMARY KEY (`DEATH_DATE_IMPUTE`)
);

DROP TABLE IF EXISTS `VS_DEMOGRAPHIC_HISPANIC`;
CREATE TABLE `VS_DEMOGRAPHIC_HISPANIC` (
`HISPANIC` CHAR(2),
CONSTRAINT `PK_VS_DEMOGRAPHIC_HISPANIC` PRIMARY KEY (`HISPANIC`)
);

DROP TABLE IF EXISTS `VS_OBSGEN_OBSGEN_TABLE_MODIFIED`;
CREATE TABLE `VS_OBSGEN_OBSGEN_TABLE_MODIFIED` (
`OBSGEN_TABLE_MODIFIED` CHAR(3),
CONSTRAINT `PK_VS_OBSGEN_OBSGEN_TABLE_MODIFIED` PRIMARY KEY (`OBSGEN_TABLE_MODIFIED`)
);

DROP TABLE IF EXISTS `VS_DISPENSING_DISPENSE_ROUTE`;
CREATE TABLE `VS_DISPENSING_DISPENSE_ROUTE` (
`DISPENSE_ROUTE` VARCHAR(256),
CONSTRAINT `PK_VS_DISPENSING_DISPENSE_ROUTE` PRIMARY KEY (`DISPENSE_ROUTE`)
);

DROP TABLE IF EXISTS `VS_OBSGEN_OBSGEN_RESULT_QUAL`;
CREATE TABLE `VS_OBSGEN_OBSGEN_RESULT_QUAL` (
`OBSGEN_RESULT_QUAL` VARCHAR(256),
CONSTRAINT `PK_VS_OBSGEN_OBSGEN_RESULT_QUAL` PRIMARY KEY (`OBSGEN_RESULT_QUAL`)
);

DROP TABLE IF EXISTS `VS_LABRESULTCM_RESULT_MODIFIER`;
CREATE TABLE `VS_LABRESULTCM_RESULT_MODIFIER` (
`RESULT_MODIFIER` CHAR(2),
CONSTRAINT `PK_VS_LABRESULTCM_RESULT_MODIFIER` PRIMARY KEY (`RESULT_MODIFIER`)
);

DROP TABLE IF EXISTS `VS_HARVEST_RX_START_DATE_MGMT`;
CREATE TABLE `VS_HARVEST_RX_START_DATE_MGMT` (
`RX_START_DATE_MGMT` CHAR(2),
CONSTRAINT `PK_VS_HARVEST_RX_START_DATE_MGMT` PRIMARY KEY (`RX_START_DATE_MGMT`)
);

DROP TABLE IF EXISTS `VS_PROCM_PRO_CAT`;
CREATE TABLE `VS_PROCM_PRO_CAT` (
`PRO_CAT` CHAR(2),
CONSTRAINT `PK_VS_PROCM_PRO_CAT` PRIMARY KEY (`PRO_CAT`)
);

DROP TABLE IF EXISTS `VS_PROCEDURES_PX_SOURCE`;
CREATE TABLE `VS_PROCEDURES_PX_SOURCE` (
`PX_SOURCE` CHAR(2),
CONSTRAINT `PK_VS_PROCEDURES_PX_SOURCE` PRIMARY KEY (`PX_SOURCE`)
);

DROP TABLE IF EXISTS `VS_DEATHCAUSE_DEATH_CAUSE_CODE`;
CREATE TABLE `VS_DEATHCAUSE_DEATH_CAUSE_CODE` (
`DEATH_CAUSE_CODE` CHAR(2),
CONSTRAINT `PK_VS_DEATHCAUSE_DEATH_CAUSE_CODE` PRIMARY KEY (`DEATH_CAUSE_CODE`)
);

DROP TABLE IF EXISTS `VS_OBSGEN_OBSGEN_RESULT_UNIT`;
CREATE TABLE `VS_OBSGEN_OBSGEN_RESULT_UNIT` (
`OBSGEN_RESULT_UNIT` VARCHAR(256),
CONSTRAINT `PK_VS_OBSGEN_OBSGEN_RESULT_UNIT` PRIMARY KEY (`OBSGEN_RESULT_UNIT`)
);

DROP TABLE IF EXISTS `VS_ENCOUNTER_DRG_TYPE`;
CREATE TABLE `VS_ENCOUNTER_DRG_TYPE` (
`DRG_TYPE` CHAR(2),
CONSTRAINT `PK_VS_ENCOUNTER_DRG_TYPE` PRIMARY KEY (`DRG_TYPE`)
);

DROP TABLE IF EXISTS `VS_OBSCLIN_OBSCLIN_RESULT_UNIT`;
CREATE TABLE `VS_OBSCLIN_OBSCLIN_RESULT_UNIT` (
`OBSCLIN_RESULT_UNIT` VARCHAR(256),
CONSTRAINT `PK_VS_OBSCLIN_OBSCLIN_RESULT_UNIT` PRIMARY KEY (`OBSCLIN_RESULT_UNIT`)
);

DROP TABLE IF EXISTS `VS_DEATHCAUSE_DEATH_CAUSE_TYPE`;
CREATE TABLE `VS_DEATHCAUSE_DEATH_CAUSE_TYPE` (
`DEATH_CAUSE_TYPE` CHAR(2),
CONSTRAINT `PK_VS_DEATHCAUSE_DEATH_CAUSE_TYPE` PRIMARY KEY (`DEATH_CAUSE_TYPE`)
);

DROP TABLE IF EXISTS `VS_HARVEST_RESOLVE_DATE_MGMT`;
CREATE TABLE `VS_HARVEST_RESOLVE_DATE_MGMT` (
`RESOLVE_DATE_MGMT` CHAR(2),
CONSTRAINT `PK_VS_HARVEST_RESOLVE_DATE_MGMT` PRIMARY KEY (`RESOLVE_DATE_MGMT`)
);

DROP TABLE IF EXISTS `VS_PRESCRIBING_RX_SOURCE`;
CREATE TABLE `VS_PRESCRIBING_RX_SOURCE` (
`RX_SOURCE` CHAR(2),
CONSTRAINT `PK_VS_PRESCRIBING_RX_SOURCE` PRIMARY KEY (`RX_SOURCE`)
);

DROP TABLE IF EXISTS `VS_PRESCRIBING_RX_ROUTE`;
CREATE TABLE `VS_PRESCRIBING_RX_ROUTE` (
`RX_ROUTE` VARCHAR(256),
CONSTRAINT `PK_VS_PRESCRIBING_RX_ROUTE` PRIMARY KEY (`RX_ROUTE`)
);

DROP TABLE IF EXISTS `VS_LABRESULTCM_LAB_PX_TYPE`;
CREATE TABLE `VS_LABRESULTCM_LAB_PX_TYPE` (
`LAB_PX_TYPE` CHAR(2),
CONSTRAINT `PK_VS_LABRESULTCM_LAB_PX_TYPE` PRIMARY KEY (`LAB_PX_TYPE`)
);

DROP TABLE IF EXISTS `VS_OBSCLIN_OBSCLIN_TYPE`;
CREATE TABLE `VS_OBSCLIN_OBSCLIN_TYPE` (
`OBSCLIN_TYPE` CHAR(2),
CONSTRAINT `PK_VS_OBSCLIN_OBSCLIN_TYPE` PRIMARY KEY (`OBSCLIN_TYPE`)
);

DROP TABLE IF EXISTS `VS_HARVEST_DISCHARGE_DATE_MGMT`;
CREATE TABLE `VS_HARVEST_DISCHARGE_DATE_MGMT` (
`DISCHARGE_DATE_MGMT` CHAR(2),
CONSTRAINT `PK_VS_HARVEST_DISCHARGE_DATE_MGMT` PRIMARY KEY (`DISCHARGE_DATE_MGMT`)
);

DROP TABLE IF EXISTS `VS_PROCEDURES_ENC_TYPE`;
CREATE TABLE `VS_PROCEDURES_ENC_TYPE` (
`ENC_TYPE` CHAR(2),
CONSTRAINT `PK_VS_PROCEDURES_ENC_TYPE` PRIMARY KEY (`ENC_TYPE`)
);

DROP TABLE IF EXISTS `VS_DEATHCAUSE_DEATH_CAUSE_CONFIDENCE`;
CREATE TABLE `VS_DEATHCAUSE_DEATH_CAUSE_CONFIDENCE` (
`DEATH_CAUSE_CONFIDENCE` CHAR(2),
CONSTRAINT `PK_VS_DEATHCAUSE_DEATH_CAUSE_CONFIDENCE` PRIMARY KEY (`DEATH_CAUSE_CONFIDENCE`)
);

DROP TABLE IF EXISTS `VS_VITAL_VITAL_SOURCE`;
CREATE TABLE `VS_VITAL_VITAL_SOURCE` (
`VITAL_SOURCE` CHAR(2),
CONSTRAINT `PK_VS_VITAL_VITAL_SOURCE` PRIMARY KEY (`VITAL_SOURCE`)
);

DROP TABLE IF EXISTS `VS_CONDITION_CONDITION_SOURCE`;
CREATE TABLE `VS_CONDITION_CONDITION_SOURCE` (
`CONDITION_SOURCE` CHAR(2),
CONSTRAINT `PK_VS_CONDITION_CONDITION_SOURCE` PRIMARY KEY (`CONDITION_SOURCE`)
);

DROP TABLE IF EXISTS `VS_OBSGEN_OBSGEN_TYPE`;
CREATE TABLE `VS_OBSGEN_OBSGEN_TYPE` (
`OBSGEN_TYPE` CHAR(30),
CONSTRAINT `PK_VS_OBSGEN_OBSGEN_TYPE` PRIMARY KEY (`OBSGEN_TYPE`)
);

DROP TABLE IF EXISTS `VS_HARVEST_DATAMART_EHR`;
CREATE TABLE `VS_HARVEST_DATAMART_EHR` (
`DATAMART_EHR` CHAR(2),
CONSTRAINT `PK_VS_HARVEST_DATAMART_EHR` PRIMARY KEY (`DATAMART_EHR`)
);

DROP TABLE IF EXISTS `VS_PROCM_PRO_METHOD`;
CREATE TABLE `VS_PROCM_PRO_METHOD` (
`PRO_METHOD` CHAR(2),
CONSTRAINT `PK_VS_PROCM_PRO_METHOD` PRIMARY KEY (`PRO_METHOD`)
);

DROP TABLE IF EXISTS `VS_DEMOGRAPHIC_GENDER_IDENTITY`;
CREATE TABLE `VS_DEMOGRAPHIC_GENDER_IDENTITY` (
`GENDER_IDENTITY` CHAR(2),
CONSTRAINT `PK_VS_DEMOGRAPHIC_GENDER_IDENTITY` PRIMARY KEY (`GENDER_IDENTITY`)
);

DROP TABLE IF EXISTS `VS_HARVEST_SPECIMEN_DATE_MGMT`;
CREATE TABLE `VS_HARVEST_SPECIMEN_DATE_MGMT` (
`SPECIMEN_DATE_MGMT` CHAR(2),
CONSTRAINT `PK_VS_HARVEST_SPECIMEN_DATE_MGMT` PRIMARY KEY (`SPECIMEN_DATE_MGMT`)
);

DROP TABLE IF EXISTS `VS_PRESCRIBING_RX_DOSE_FORM`;
CREATE TABLE `VS_PRESCRIBING_RX_DOSE_FORM` (
`RX_DOSE_FORM` VARCHAR(256),
CONSTRAINT `PK_VS_PRESCRIBING_RX_DOSE_FORM` PRIMARY KEY (`RX_DOSE_FORM`)
);

DROP TABLE IF EXISTS `VS_MEDADMIN_MEDADMIN_ROUTE`;
CREATE TABLE `VS_MEDADMIN_MEDADMIN_ROUTE` (
`MEDADMIN_ROUTE` VARCHAR(256),
CONSTRAINT `PK_VS_MEDADMIN_MEDADMIN_ROUTE` PRIMARY KEY (`MEDADMIN_ROUTE`)
);

DROP TABLE IF EXISTS `VS_PROCEDURES_PX_TYPE`;
CREATE TABLE `VS_PROCEDURES_PX_TYPE` (
`PX_TYPE` CHAR(2),
CONSTRAINT `PK_VS_PROCEDURES_PX_TYPE` PRIMARY KEY (`PX_TYPE`)
);

DROP TABLE IF EXISTS `VS_ENCOUNTER_ENC_TYPE`;
CREATE TABLE `VS_ENCOUNTER_ENC_TYPE` (
`ENC_TYPE` CHAR(2),
CONSTRAINT `PK_VS_ENCOUNTER_ENC_TYPE` PRIMARY KEY (`ENC_TYPE`)
);

DROP TABLE IF EXISTS `VS_HARVEST_BIRTH_DATE_MGMT`;
CREATE TABLE `VS_HARVEST_BIRTH_DATE_MGMT` (
`BIRTH_DATE_MGMT` CHAR(2),
CONSTRAINT `PK_VS_HARVEST_BIRTH_DATE_MGMT` PRIMARY KEY (`BIRTH_DATE_MGMT`)
);

DROP TABLE IF EXISTS `VS_DEMOGRAPHIC_RACE`;
CREATE TABLE `VS_DEMOGRAPHIC_RACE` (
`RACE` CHAR(2),
CONSTRAINT `PK_VS_DEMOGRAPHIC_RACE` PRIMARY KEY (`RACE`)
);

DROP TABLE IF EXISTS `VS_HARVEST_RESULT_DATE_MGMT`;
CREATE TABLE `VS_HARVEST_RESULT_DATE_MGMT` (
`RESULT_DATE_MGMT` CHAR(2),
CONSTRAINT `PK_VS_HARVEST_RESULT_DATE_MGMT` PRIMARY KEY (`RESULT_DATE_MGMT`)
);

DROP TABLE IF EXISTS `VS_HARVEST_PX_DATE_MGMT`;
CREATE TABLE `VS_HARVEST_PX_DATE_MGMT` (
`PX_DATE_MGMT` CHAR(2),
CONSTRAINT `PK_VS_HARVEST_PX_DATE_MGMT` PRIMARY KEY (`PX_DATE_MGMT`)
);

DROP TABLE IF EXISTS `VS_MEDADMIN_MEDADMIN_DOSE_ADMIN_UNIT`;
CREATE TABLE `VS_MEDADMIN_MEDADMIN_DOSE_ADMIN_UNIT` (
`MEDADMIN_DOSE_ADMIN_UNIT` VARCHAR(256),
CONSTRAINT `PK_VS_MEDADMIN_MEDADMIN_DOSE_ADMIN_UNIT` PRIMARY KEY (`MEDADMIN_DOSE_ADMIN_UNIT`)
);

DROP TABLE IF EXISTS `VS_HARVEST_DATAMART_PLATFORM`;
CREATE TABLE `VS_HARVEST_DATAMART_PLATFORM` (
`DATAMART_PLATFORM` CHAR(2),
CONSTRAINT `PK_VS_HARVEST_DATAMART_PLATFORM` PRIMARY KEY (`DATAMART_PLATFORM`)
);

DROP TABLE IF EXISTS `VS_PRESCRIBING_RX_FREQUENCY`;
CREATE TABLE `VS_PRESCRIBING_RX_FREQUENCY` (
`RX_FREQUENCY` CHAR(2),
CONSTRAINT `PK_VS_PRESCRIBING_RX_FREQUENCY` PRIMARY KEY (`RX_FREQUENCY`)
);

DROP TABLE IF EXISTS `VS_OBSCLIN_OBSCLIN_RESULT_QUAL`;
CREATE TABLE `VS_OBSCLIN_OBSCLIN_RESULT_QUAL` (
`OBSCLIN_RESULT_QUAL` VARCHAR(256),
CONSTRAINT `PK_VS_OBSCLIN_OBSCLIN_RESULT_QUAL` PRIMARY KEY (`OBSCLIN_RESULT_QUAL`)
);

DROP TABLE IF EXISTS `VS_PRESCRIBING_RX_PRN_FLAG`;
CREATE TABLE `VS_PRESCRIBING_RX_PRN_FLAG` (
`RX_PRN_FLAG` CHAR(1),
CONSTRAINT `PK_VS_PRESCRIBING_RX_PRN_FLAG` PRIMARY KEY (`RX_PRN_FLAG`)
);

DROP TABLE IF EXISTS `VS_ENCOUNTER_ADMITTING_SOURCE`;
CREATE TABLE `VS_ENCOUNTER_ADMITTING_SOURCE` (
`ADMITTING_SOURCE` CHAR(2),
CONSTRAINT `PK_VS_ENCOUNTER_ADMITTING_SOURCE` PRIMARY KEY (`ADMITTING_SOURCE`)
);

DROP TABLE IF EXISTS `VS_DIAGNOSIS_DX_TYPE`;
CREATE TABLE `VS_DIAGNOSIS_DX_TYPE` (
`DX_TYPE` CHAR(2),
CONSTRAINT `PK_VS_DIAGNOSIS_DX_TYPE` PRIMARY KEY (`DX_TYPE`)
);

DROP TABLE IF EXISTS `VS_DEATH_DEATH_MATCH_CONFIDENCE`;
CREATE TABLE `VS_DEATH_DEATH_MATCH_CONFIDENCE` (
`DEATH_MATCH_CONFIDENCE` CHAR(2),
CONSTRAINT `PK_VS_DEATH_DEATH_MATCH_CONFIDENCE` PRIMARY KEY (`DEATH_MATCH_CONFIDENCE`)
);

DROP TABLE IF EXISTS `VS_LABRESULTCM_RESULT_LOC`;
CREATE TABLE `VS_LABRESULTCM_RESULT_LOC` (
`RESULT_LOC` CHAR(2),
CONSTRAINT `PK_VS_LABRESULTCM_RESULT_LOC` PRIMARY KEY (`RESULT_LOC`)
);

DROP TABLE IF EXISTS `VS_DEMOGRAPHIC_BIOBANK_FLAG`;
CREATE TABLE `VS_DEMOGRAPHIC_BIOBANK_FLAG` (
`BIOBANK_FLAG` CHAR(1),
CONSTRAINT `PK_VS_DEMOGRAPHIC_BIOBANK_FLAG` PRIMARY KEY (`BIOBANK_FLAG`)
);

DROP TABLE IF EXISTS `VS_LABRESULTCM_SPECIMEN_SOURCE`;
CREATE TABLE `VS_LABRESULTCM_SPECIMEN_SOURCE` (
`SPECIMEN_SOURCE` VARCHAR(256),
CONSTRAINT `PK_VS_LABRESULTCM_SPECIMEN_SOURCE` PRIMARY KEY (`SPECIMEN_SOURCE`)
);

DROP TABLE IF EXISTS `VS_HARVEST_DATAMART_CLAIMS`;
CREATE TABLE `VS_HARVEST_DATAMART_CLAIMS` (
`DATAMART_CLAIMS` CHAR(2),
CONSTRAINT `PK_VS_HARVEST_DATAMART_CLAIMS` PRIMARY KEY (`DATAMART_CLAIMS`)
);

DROP TABLE IF EXISTS `VS_VITAL_SMOKING`;
CREATE TABLE `VS_VITAL_SMOKING` (
`SMOKING` CHAR(2),
CONSTRAINT `PK_VS_VITAL_SMOKING` PRIMARY KEY (`SMOKING`)
);

DROP TABLE IF EXISTS `VS_PROCEDURES_PPX`;
CREATE TABLE `VS_PROCEDURES_PPX` (
`PPX` CHAR(2),
CONSTRAINT `PK_VS_PROCEDURES_PPX` PRIMARY KEY (`PPX`)
);

DROP TABLE IF EXISTS `VS_HARVEST_OBSCLIN_DATE_MGMT`;
CREATE TABLE `VS_HARVEST_OBSCLIN_DATE_MGMT` (
`OBSCLIN_DATE_MGMT` CHAR(2),
CONSTRAINT `PK_VS_HARVEST_OBSCLIN_DATE_MGMT` PRIMARY KEY (`OBSCLIN_DATE_MGMT`)
);

DROP TABLE IF EXISTS `VS_DIAGNOSIS_DX_SOURCE`;
CREATE TABLE `VS_DIAGNOSIS_DX_SOURCE` (
`DX_SOURCE` CHAR(2),
CONSTRAINT `PK_VS_DIAGNOSIS_DX_SOURCE` PRIMARY KEY (`DX_SOURCE`)
);

DROP TABLE IF EXISTS `VS_PRESCRIBING_RX_DOSE_ORDERED_UNIT`;
CREATE TABLE `VS_PRESCRIBING_RX_DOSE_ORDERED_UNIT` (
`RX_DOSE_ORDERED_UNIT` VARCHAR(256),
CONSTRAINT `PK_VS_PRESCRIBING_RX_DOSE_ORDERED_UNIT` PRIMARY KEY (`RX_DOSE_ORDERED_UNIT`)
);

DROP TABLE IF EXISTS `VS_HARVEST_ONSET_DATE_MGMT`;
CREATE TABLE `VS_HARVEST_ONSET_DATE_MGMT` (
`ONSET_DATE_MGMT` CHAR(2),
CONSTRAINT `PK_VS_HARVEST_ONSET_DATE_MGMT` PRIMARY KEY (`ONSET_DATE_MGMT`)
);

DROP TABLE IF EXISTS `VS_DIAGNOSIS_PDX`;
CREATE TABLE `VS_DIAGNOSIS_PDX` (
`PDX` CHAR(2),
CONSTRAINT `PK_VS_DIAGNOSIS_PDX` PRIMARY KEY (`PDX`)
);

DROP TABLE IF EXISTS `VS_HARVEST_ENR_START_DATE_MGMT`;
CREATE TABLE `VS_HARVEST_ENR_START_DATE_MGMT` (
`ENR_START_DATE_MGMT` CHAR(2),
CONSTRAINT `PK_VS_HARVEST_ENR_START_DATE_MGMT` PRIMARY KEY (`ENR_START_DATE_MGMT`)
);

DROP TABLE IF EXISTS `VS_LABRESULTCM_RESULT_UNIT`;
CREATE TABLE `VS_LABRESULTCM_RESULT_UNIT` (
`RESULT_UNIT` VARCHAR(256),
CONSTRAINT `PK_VS_LABRESULTCM_RESULT_UNIT` PRIMARY KEY (`RESULT_UNIT`)
);

DROP TABLE IF EXISTS `VS_HARVEST_OBSGEN_DATE_MGMT`;
CREATE TABLE `VS_HARVEST_OBSGEN_DATE_MGMT` (
`OBSGEN_DATE_MGMT` CHAR(2),
CONSTRAINT `PK_VS_HARVEST_OBSGEN_DATE_MGMT` PRIMARY KEY (`OBSGEN_DATE_MGMT`)
);

DROP TABLE IF EXISTS `VS_ENCOUNTER_PAYER_TYPE_PRIMARY`;
CREATE TABLE `VS_ENCOUNTER_PAYER_TYPE_PRIMARY` (
`PAYER_TYPE_PRIMARY` CHAR(5),
CONSTRAINT `PK_VS_ENCOUNTER_PAYER_TYPE_PRIMARY` PRIMARY KEY (`PAYER_TYPE_PRIMARY`)
);

DROP TABLE IF EXISTS `VS_LABRESULTCM_ABN_IND`;
CREATE TABLE `VS_LABRESULTCM_ABN_IND` (
`ABN_IND` CHAR(2),
CONSTRAINT `PK_VS_LABRESULTCM_ABN_IND` PRIMARY KEY (`ABN_IND`)
);

DROP TABLE IF EXISTS `VS_ENROLLMENT_ENR_BASIS`;
CREATE TABLE `VS_ENROLLMENT_ENR_BASIS` (
`ENR_BASIS` CHAR(1),
CONSTRAINT `PK_VS_ENROLLMENT_ENR_BASIS` PRIMARY KEY (`ENR_BASIS`)
);

DROP TABLE IF EXISTS `VS_ENROLLMENT_CHART`;
CREATE TABLE `VS_ENROLLMENT_CHART` (
`CHART` CHAR(1),
CONSTRAINT `PK_VS_ENROLLMENT_CHART` PRIMARY KEY (`CHART`)
);

DROP TABLE IF EXISTS `VS_LABRESULTCM_NORM_MODIFIER_HIGH`;
CREATE TABLE `VS_LABRESULTCM_NORM_MODIFIER_HIGH` (
`NORM_MODIFIER_HIGH` CHAR(2),
CONSTRAINT `PK_VS_LABRESULTCM_NORM_MODIFIER_HIGH` PRIMARY KEY (`NORM_MODIFIER_HIGH`)
);

DROP TABLE IF EXISTS `VS_CONDITION_CONDITION_STATUS`;
CREATE TABLE `VS_CONDITION_CONDITION_STATUS` (
`CONDITION_STATUS` CHAR(2),
CONSTRAINT `PK_VS_CONDITION_CONDITION_STATUS` PRIMARY KEY (`CONDITION_STATUS`)
);

DROP TABLE IF EXISTS `VS_PROCM_PRO_TYPE`;
CREATE TABLE `VS_PROCM_PRO_TYPE` (
`PRO_TYPE` CHAR(2),
CONSTRAINT `PK_VS_PROCM_PRO_TYPE` PRIMARY KEY (`PRO_TYPE`)
);

DROP TABLE IF EXISTS `VS_VITAL_BP_POSITION`;
CREATE TABLE `VS_VITAL_BP_POSITION` (
`BP_POSITION` CHAR(2),
CONSTRAINT `PK_VS_VITAL_BP_POSITION` PRIMARY KEY (`BP_POSITION`)
);

DROP TABLE IF EXISTS `VS_HARVEST_ADMIT_DATE_MGMT`;
CREATE TABLE `VS_HARVEST_ADMIT_DATE_MGMT` (
`ADMIT_DATE_MGMT` CHAR(2),
CONSTRAINT `PK_VS_HARVEST_ADMIT_DATE_MGMT` PRIMARY KEY (`ADMIT_DATE_MGMT`)
);

DROP TABLE IF EXISTS `VS_DEATH_DEATH_SOURCE`;
CREATE TABLE `VS_DEATH_DEATH_SOURCE` (
`DEATH_SOURCE` CHAR(2),
CONSTRAINT `PK_VS_DEATH_DEATH_SOURCE` PRIMARY KEY (`DEATH_SOURCE`)
);

DROP TABLE IF EXISTS `VS_HARVEST_LAB_ORDER_DATE_MGMT`;
CREATE TABLE `VS_HARVEST_LAB_ORDER_DATE_MGMT` (
`LAB_ORDER_DATE_MGMT` CHAR(2),
CONSTRAINT `PK_VS_HARVEST_LAB_ORDER_DATE_MGMT` PRIMARY KEY (`LAB_ORDER_DATE_MGMT`)
);

DROP TABLE IF EXISTS `VS_CONDITION_CONDITION_TYPE`;
CREATE TABLE `VS_CONDITION_CONDITION_TYPE` (
`CONDITION_TYPE` CHAR(2),
CONSTRAINT `PK_VS_CONDITION_CONDITION_TYPE` PRIMARY KEY (`CONDITION_TYPE`)
);

DROP TABLE IF EXISTS `VS_ENCOUNTER_DISCHARGE_DISPOSITION`;
CREATE TABLE `VS_ENCOUNTER_DISCHARGE_DISPOSITION` (
`DISCHARGE_DISPOSITION` CHAR(2),
CONSTRAINT `PK_VS_ENCOUNTER_DISCHARGE_DISPOSITION` PRIMARY KEY (`DISCHARGE_DISPOSITION`)
);

DROP TABLE IF EXISTS `VS_HARVEST_MEASURE_DATE_MGMT`;
CREATE TABLE `VS_HARVEST_MEASURE_DATE_MGMT` (
`MEASURE_DATE_MGMT` CHAR(2),
CONSTRAINT `PK_VS_HARVEST_MEASURE_DATE_MGMT` PRIMARY KEY (`MEASURE_DATE_MGMT`)
);

DROP TABLE IF EXISTS `VS_MEDADMIN_MEDADMIN_SOURCE`;
CREATE TABLE `VS_MEDADMIN_MEDADMIN_SOURCE` (
`MEDADMIN_SOURCE` CHAR(2),
CONSTRAINT `PK_VS_MEDADMIN_MEDADMIN_SOURCE` PRIMARY KEY (`MEDADMIN_SOURCE`)
);

DROP TABLE IF EXISTS `VS_DIAGNOSIS_ENC_TYPE`;
CREATE TABLE `VS_DIAGNOSIS_ENC_TYPE` (
`ENC_TYPE` CHAR(2),
CONSTRAINT `PK_VS_DIAGNOSIS_ENC_TYPE` PRIMARY KEY (`ENC_TYPE`)
);

DROP TABLE IF EXISTS `VS_LABRESULTCM_RESULT_QUAL`;
CREATE TABLE `VS_LABRESULTCM_RESULT_QUAL` (
`RESULT_QUAL` VARCHAR(256),
CONSTRAINT `PK_VS_LABRESULTCM_RESULT_QUAL` PRIMARY KEY (`RESULT_QUAL`)
);

DROP TABLE IF EXISTS `VS_ENCOUNTER_PAYER_TYPE_SECONDARY`;
CREATE TABLE `VS_ENCOUNTER_PAYER_TYPE_SECONDARY` (
`PAYER_TYPE_SECONDARY` CHAR(5),
CONSTRAINT `PK_VS_ENCOUNTER_PAYER_TYPE_SECONDARY` PRIMARY KEY (`PAYER_TYPE_SECONDARY`)
);

DROP TABLE IF EXISTS `VS_DEATHCAUSE_DEATH_CAUSE_SOURCE`;
CREATE TABLE `VS_DEATHCAUSE_DEATH_CAUSE_SOURCE` (
`DEATH_CAUSE_SOURCE` CHAR(2),
CONSTRAINT `PK_VS_DEATHCAUSE_DEATH_CAUSE_SOURCE` PRIMARY KEY (`DEATH_CAUSE_SOURCE`)
);

DROP TABLE IF EXISTS `VS_LABRESULTCM_NORM_MODIFIER_LOW`;
CREATE TABLE `VS_LABRESULTCM_NORM_MODIFIER_LOW` (
`NORM_MODIFIER_LOW` CHAR(2),
CONSTRAINT `PK_VS_LABRESULTCM_NORM_MODIFIER_LOW` PRIMARY KEY (`NORM_MODIFIER_LOW`)
);

DROP TABLE IF EXISTS `VS_PRESCRIBING_RX_DISPENSE_AS_WRITTEN`;
CREATE TABLE `VS_PRESCRIBING_RX_DISPENSE_AS_WRITTEN` (
`RX_DISPENSE_AS_WRITTEN` CHAR(2),
CONSTRAINT `PK_VS_PRESCRIBING_RX_DISPENSE_AS_WRITTEN` PRIMARY KEY (`RX_DISPENSE_AS_WRITTEN`)
);

DROP TABLE IF EXISTS `VS_ENCOUNTER_DISCHARGE_STATUS`;
CREATE TABLE `VS_ENCOUNTER_DISCHARGE_STATUS` (
`DISCHARGE_STATUS` CHAR(2),
CONSTRAINT `PK_VS_ENCOUNTER_DISCHARGE_STATUS` PRIMARY KEY (`DISCHARGE_STATUS`)
);

DROP TABLE IF EXISTS `VS_MEDADMIN_MEDADMIN_TYPE`;
CREATE TABLE `VS_MEDADMIN_MEDADMIN_TYPE` (
`MEDADMIN_TYPE` CHAR(2),
CONSTRAINT `PK_VS_MEDADMIN_MEDADMIN_TYPE` PRIMARY KEY (`MEDADMIN_TYPE`)
);

DROP TABLE IF EXISTS `VS_PROVIDER_PROVIDER_SEX`;
CREATE TABLE `VS_PROVIDER_PROVIDER_SEX` (
`PROVIDER_SEX` CHAR(2),
CONSTRAINT `PK_VS_PROVIDER_PROVIDER_SEX` PRIMARY KEY (`PROVIDER_SEX`)
);

DROP TABLE IF EXISTS `VS_DIAGNOSIS_DX_POA`;
CREATE TABLE `VS_DIAGNOSIS_DX_POA` (
`DX_POA` CHAR(2),
CONSTRAINT `PK_VS_DIAGNOSIS_DX_POA` PRIMARY KEY (`DX_POA`)
);

DROP TABLE IF EXISTS `VS_PROVIDER_PROVIDER_SPECIALTY_PRIMARY`;
CREATE TABLE `VS_PROVIDER_PROVIDER_SPECIALTY_PRIMARY` (
`PROVIDER_SPECIALTY_PRIMARY` VARCHAR(256),
CONSTRAINT `PK_VS_PROVIDER_PROVIDER_SPECIALTY_PRIMARY` PRIMARY KEY (`PROVIDER_SPECIALTY_PRIMARY`)
);

DROP TABLE IF EXISTS `VS_PRESCRIBING_RX_BASIS`;
CREATE TABLE `VS_PRESCRIBING_RX_BASIS` (
`RX_BASIS` CHAR(2),
CONSTRAINT `PK_VS_PRESCRIBING_RX_BASIS` PRIMARY KEY (`RX_BASIS`)
);

DROP TABLE IF EXISTS `VS_DEMOGRAPHIC_SEX`;
CREATE TABLE `VS_DEMOGRAPHIC_SEX` (
`SEX` CHAR(2),
CONSTRAINT `PK_VS_DEMOGRAPHIC_SEX` PRIMARY KEY (`SEX`)
);

DROP TABLE IF EXISTS `VS_HARVEST_PRO_DATE_MGMT`;
CREATE TABLE `VS_HARVEST_PRO_DATE_MGMT` (
`PRO_DATE_MGMT` CHAR(2),
CONSTRAINT `PK_VS_HARVEST_PRO_DATE_MGMT` PRIMARY KEY (`PRO_DATE_MGMT`)
);

DROP TABLE IF EXISTS `VS_OBSCLIN_OBSCLIN_RESULT_MODIFIER`;
CREATE TABLE `VS_OBSCLIN_OBSCLIN_RESULT_MODIFIER` (
`OBSCLIN_RESULT_MODIFIER` CHAR(2),
CONSTRAINT `PK_VS_OBSCLIN_OBSCLIN_RESULT_MODIFIER` PRIMARY KEY (`OBSCLIN_RESULT_MODIFIER`)
);

DROP TABLE IF EXISTS `VS_HARVEST_MEDADMIN_START_DATE_MGMT`;
CREATE TABLE `VS_HARVEST_MEDADMIN_START_DATE_MGMT` (
`MEDADMIN_START_DATE_MGMT` CHAR(2),
CONSTRAINT `PK_VS_HARVEST_MEDADMIN_START_DATE_MGMT` PRIMARY KEY (`MEDADMIN_START_DATE_MGMT`)
);

DROP TABLE IF EXISTS `VS_HARVEST_RX_ORDER_DATE_MGMT`;
CREATE TABLE `VS_HARVEST_RX_ORDER_DATE_MGMT` (
`RX_ORDER_DATE_MGMT` CHAR(2),
CONSTRAINT `PK_VS_HARVEST_RX_ORDER_DATE_MGMT` PRIMARY KEY (`RX_ORDER_DATE_MGMT`)
);

DROP TABLE IF EXISTS `VS_VITAL_TOBACCO_TYPE`;
CREATE TABLE `VS_VITAL_TOBACCO_TYPE` (
`TOBACCO_TYPE` CHAR(2),
CONSTRAINT `PK_VS_VITAL_TOBACCO_TYPE` PRIMARY KEY (`TOBACCO_TYPE`)
);

DROP TABLE IF EXISTS `VS_HARVEST_RX_END_DATE_MGMT`;
CREATE TABLE `VS_HARVEST_RX_END_DATE_MGMT` (
`RX_END_DATE_MGMT` CHAR(2),
CONSTRAINT `PK_VS_HARVEST_RX_END_DATE_MGMT` PRIMARY KEY (`RX_END_DATE_MGMT`)
);

DROP TABLE IF EXISTS `VS_LABRESULTCM_PRIORITY`;
CREATE TABLE `VS_LABRESULTCM_PRIORITY` (
`PRIORITY` CHAR(2),
CONSTRAINT `PK_VS_LABRESULTCM_PRIORITY` PRIMARY KEY (`PRIORITY`)
);

DROP TABLE IF EXISTS `VS_HARVEST_ENR_END_DATE_MGMT`;
CREATE TABLE `VS_HARVEST_ENR_END_DATE_MGMT` (
`ENR_END_DATE_MGMT` CHAR(2),
CONSTRAINT `PK_VS_HARVEST_ENR_END_DATE_MGMT` PRIMARY KEY (`ENR_END_DATE_MGMT`)
);

DROP TABLE IF EXISTS `VS_DISPENSING_DISPENSE_DOSE_DISP_UNIT`;
CREATE TABLE `VS_DISPENSING_DISPENSE_DOSE_DISP_UNIT` (
`DISPENSE_DOSE_DISP_UNIT` VARCHAR(256),
CONSTRAINT `PK_VS_DISPENSING_DISPENSE_DOSE_DISP_UNIT` PRIMARY KEY (`DISPENSE_DOSE_DISP_UNIT`)
);

DROP TABLE IF EXISTS `VS_DEMOGRAPHIC_SEXUAL_ORIENTATION`;
CREATE TABLE `VS_DEMOGRAPHIC_SEXUAL_ORIENTATION` (
`SEXUAL_ORIENTATION` CHAR(2),
CONSTRAINT `PK_VS_DEMOGRAPHIC_SEXUAL_ORIENTATION` PRIMARY KEY (`SEXUAL_ORIENTATION`)
);

DROP TABLE IF EXISTS `VS_ENCOUNTER_FACILITY_TYPE`;
CREATE TABLE `VS_ENCOUNTER_FACILITY_TYPE` (
`FACILITY_TYPE` VARCHAR(256),
CONSTRAINT `PK_VS_ENCOUNTER_FACILITY_TYPE` PRIMARY KEY (`FACILITY_TYPE`)
);

DROP TABLE IF EXISTS `VS_PROVIDER_PROVIDER_NPI_FLAG`;
CREATE TABLE `VS_PROVIDER_PROVIDER_NPI_FLAG` (
`PROVIDER_NPI_FLAG` CHAR(1),
CONSTRAINT `PK_VS_PROVIDER_PROVIDER_NPI_FLAG` PRIMARY KEY (`PROVIDER_NPI_FLAG`)
);

DROP TABLE IF EXISTS `VS_HARVEST_DISPENSE_DATE_MGMT`;
CREATE TABLE `VS_HARVEST_DISPENSE_DATE_MGMT` (
`DISPENSE_DATE_MGMT` CHAR(2),
CONSTRAINT `PK_VS_HARVEST_DISPENSE_DATE_MGMT` PRIMARY KEY (`DISPENSE_DATE_MGMT`)
);

DROP TABLE IF EXISTS `VS_HARVEST_DEATH_DATE_MGMT`;
CREATE TABLE `VS_HARVEST_DEATH_DATE_MGMT` (
`DEATH_DATE_MGMT` CHAR(2),
CONSTRAINT `PK_VS_HARVEST_DEATH_DATE_MGMT` PRIMARY KEY (`DEATH_DATE_MGMT`)
);


-- POPULATING TABLES
SELECT 'VS_OBSGEN_OBSGEN_RESULT_MODIFIER' as "PROCESSING TABLE:";
INSERT IGNORE INTO `VS_OBSGEN_OBSGEN_RESULT_MODIFIER` (`OBSGEN_RESULT_MODIFIER`)
VALUES ('NI'),('GT'),('TX'),('LT'),('GE'),('LE'),('UN'),('OT'),('EQ')
;


SELECT 'VS_VITAL_TOBACCO' as "PROCESSING TABLE:";
INSERT IGNORE INTO `VS_VITAL_TOBACCO` (`TOBACCO`)
VALUES ('02'),('03'),('01'),('06'),('04'),('NI'),('UN'),('OT')
;


SELECT 'VS_HARVEST_REPORT_DATE_MGMT' as "PROCESSING TABLE:";
INSERT IGNORE INTO `VS_HARVEST_REPORT_DATE_MGMT` (`REPORT_DATE_MGMT`)
VALUES ('02'),('03'),('01'),('04'),('NI'),('UN'),('OT')
;


SELECT 'VS_PROCM_PRO_MODE' as "PROCESSING TABLE:";
INSERT IGNORE INTO `VS_PROCM_PRO_MODE` (`PRO_MODE`)
VALUES ('PR'),('NI'),('PA'),('UN'),('SA'),('OT'),('SF')
;


SELECT 'VS_DIAGNOSIS_DX_ORIGIN' as "PROCESSING TABLE:";
INSERT IGNORE INTO `VS_DIAGNOSIS_DX_ORIGIN` (`DX_ORIGIN`)
VALUES ('NI'),('CL'),('OD'),('BI'),('UN'),('OT'),('DR')
;


SELECT 'VS_DEMOGRAPHIC_PAT_PREF_LANGUAGE_SPOKEN' as "PROCESSING TABLE:";
INSERT IGNORE INTO `VS_DEMOGRAPHIC_PAT_PREF_LANGUAGE_SPOKEN` (`PAT_PREF_LANGUAGE_SPOKEN`)
VALUES ('HEB'),('NYN'),('NYO'),('WLN'),('SID'),('NYA'),('SIN'),('TAT'),('SPA'),('TAH'),('SAG'),('VAI'),('BYN'),('FIJ'),('GIL'),('FIN'),('FIL'),('LAM'),('MAS'),('MAR'),('LAH'),('SNA'),('LAD'),('SNK'),('MAD'),('MAG'),('MAI'),('MAH'),('LAV'),('MAL'),('MAN'),('BEJ'),('TSO'),('BEN'),('SND'),('BEL'),('BEM'),('GUJ'),('NYM'),('HUN'),('KBD'),('HUP'),('GRB'),('KPE'),('GRN'),('DSB'),('FAO'),('NOG'),('NOB'),('INH'),('IND'),('NOR'),('DOI'),('GLA'),('SMS'),('GLE'),('EKA'),('GLG'),('SMO'),('SMN'),('SMJ'),('SME'),('GLV'),('IBO'),('MDF'),('SHN'),('CAR'),('MDR'),('YID'),('LTZ'),('TAM'),('VEN'),('ALE'),('ORM'),('QUE'),('ORI'),('ALT'),('PUS'),('KOK'),('KOM'),('BAS'),('KON'),('IBA'),('XHO'),('UKR'),('CAT'),('TON'),('BAN'),('KOS'),('BAM'),('TOG'),('CAD'),('KOR'),('DYU'),('BAK'),('BAL'),('III'),('HIN'),('ABK'),('NZI'),('HIL'),('BHO'),('UDM'),('MIN'),('LIM'),('LIN'),('LIT'),('SAH'),('RAJ'),('SAD'),('RAR'),('RAP'),('SAS'),('NQO'),('SAT'),('AYM'),('CHA'),('ACH'),('CHE'),('JAV'),('HRV'),('CHM'),('CHN'),('CHO'),('CHP'),('CHR'),('LAO'),('MRI'),('CHV'),('CHY'),('KAC'),('KAB'),('KAA'),('VIE'),('IPK'),('KAN'),('KAM'),('KAL'),('KAS'),('KAU'),('KAT'),('KAZ'),('TYV'),('OCI'),('FUR'),('ISL'),('FUL'),('CEB'),('TKL'),('HMN'),('HMO'),('CES'),('NLD'),('OJI'),('ENG'),('CSB'),('WOL'),('MAK'),('AFR'),('SSW'),('FRY'),('TSN'),('LUS'),('MUS'),('LUA'),('LUB'),('LUG'),('LUI'),('LUN'),('LUO'),('AST'),('TSI'),('DGR'),('SEL'),('ASM'),('KUA'),('DUA'),('YAP'),('FRS'),('FRR'),('YAO'),('TLI'),('EUS'),('TUR'),('ZEN'),('ITA'),('TUK'),('TUM'),('SWA'),('SWE'),('FRA'),('AAR'),('BIN'),('BIK'),('POR'),('PON'),('POL'),('TGK'),('BIS'),('TGL'),('GON'),('MLG'),('SLV'),('MLT'),('SLK'),('GOR'),('JPN'),('JPR'),('PAP'),('ZUL'),('PAU'),('DZO'),('PAG'),('PAM'),('PAN'),('HSB'),('MIC'),('AWA'),('HAI'),('HAT'),('HAU'),('THA'),('HAW'),('KIR'),('NIA'),('KIK'),('SYR'),('KIN'),('ZAP'),('NIU'),('GBA'),('CRE'),('CRH'),('BUL'),('BUA'),('BUG'),('EFI'),('FON'),('LEZ'),('NDO'),('MOS'),('MOH'),('ANP'),('MON'),('COS'),('COR'),('KMB'),('ILO'),('GWI'),('UMB'),('TMH'),('IKU'),('BLA'),('TVL'),('WAL'),('SRD'),('NDE'),('KRU'),('SRR'),('SRP'),('KRL'),('KRC'),('NDS'),('WAS'),('WAR'),('RUN'),('RUS'),('RUP'),('URD'),('DIN'),('MKD'),('HYE'),('LOL'),('AIN'),('LOZ'),('DIV'),('GAY'),('NSO'),('FAS'),('SOM'),('FAT'),('FAN'),('SOT'),('GAA'),('CHK'),('TPI'),('YOR'),('ARP'),('ARW'),('ARA'),('ARG'),('ARN'),('GSW'),('TIV'),('BOS'),('TIR'),('NAP'),('NAV'),('NAU'),('TIG'),('BOD'),('NNO'),('UIG'),('MYV'),('KHM'),('MYA'),('KHA'),('XAL'),('SQI'),('CYM'),('OT'),('MWR'),('DEU'),('DEL'),('DEN'),('AKA'),('MWL'),('ROH'),('AMH'),('SCO'),('SCN'),('ROM'),('RON'),('OSS'),('MNI'),('SMA'),('OSA'),('MNC'),('EWO'),('EWE'),('ZGH'),('VOT'),('UN'),('AVA'),('ACE'),('SUN'),('KUT'),('SUK'),('KUR'),('KUM'),('SUS'),('NEW'),('ZUN'),('NEP'),('NI'),('TEL'),('TEM'),('NBL'),('TER'),('TET'),('ZZA'),('ELL'),('ADY'),('ADA'),('JRB'),('MEN'),('BRE'),('BRA'),('ZHO'),('TWI'),('AZE'),('ZHA'),('MSA'),('HER'),('DAN'),('UZB'),('DAK'),('DAR'),('EST'),('SRN')
;


SELECT 'VS_DEATH_DEATH_DATE_IMPUTE' as "PROCESSING TABLE:";
INSERT IGNORE INTO `VS_DEATH_DEATH_DATE_IMPUTE` (`DEATH_DATE_IMPUTE`)
VALUES ('NI'),('B'),('D'),('M'),('N'),('UN'),('OT')
;


SELECT 'VS_DEMOGRAPHIC_HISPANIC' as "PROCESSING TABLE:";
INSERT IGNORE INTO `VS_DEMOGRAPHIC_HISPANIC` (`HISPANIC`)
VALUES ('NI'),('N'),('R'),('UN'),('Y'),('OT')
;


SELECT 'VS_OBSGEN_OBSGEN_TABLE_MODIFIED' as "PROCESSING TABLE:";
INSERT IGNORE INTO `VS_OBSGEN_OBSGEN_TABLE_MODIFIED` (`OBSGEN_TABLE_MODIFIED`)
VALUES ('ENC'),('MA'),('PT'),('OC'),('PX'),('RX'),('DC'),('DSP'),('OB'),('ENR'),('DTH'),('VT'),('LAB'),('DX'),('OT'),('PRO'),('CON')
;


SELECT 'VS_DISPENSING_DISPENSE_ROUTE' as "PROCESSING TABLE:";
INSERT IGNORE INTO `VS_DISPENSING_DISPENSE_ROUTE` (`DISPENSE_ROUTE`)
VALUES ('INTRAESOPHAGEAL'),('INTRATRACHEAL'),('INTRABILIARY'),('INTRAPERITONEAL'),('ILEOSTOMY'),('INTRAMURAL'),('OROPHARYNGEAL'),('OROMUCOSAL'),('INTRASTERNAL'),('INTRADURAL'),('INTERSTITIAL'),('INTRAVENOUS_CENTRAL'),('RETROBULBAR'),('INTRAVENTRICULAR_CARDIAC'),('INTRAOVARIAN'),('INTRASPINAL'),('NASOGASTRIC'),('INTRAPROSTATIC'),('PERIBULBAR'),('GASTROSTOMY'),('ARTERIOVENOUS_FISTULA'),('PERIARTICULAR'),('PERIDURAL'),('INTRAOCULAR'),('INTRAJEJUNAL'),('GASTROENTERAL'),('TOPICAL'),('VAGINAL'),('SUBLESIONAL'),('INTRAVENOUS_PERIPHERAL'),('PERITENDINOUS'),('PERIODONTAL'),('INTRASINAL'),('OTIC'),('PERCUTANEOUS'),('URETERAL'),('UROSTOMY'),('GINGIVAL'),('ENDOTRACHEOPULMONARY'),('INTRALESIONAL'),('INTRAMYOMETRIAL'),('INTRAHEPATIC'),('OT'),('INTRACEREBRAL'),('BUCCAL'),('SUBMUCOSAL'),('PERIOSTEAL'),('INTRALYMPHATIC'),('EPIDURAL'),('INTRA_ARTICULAR'),('TRANSURETHRAL'),('INTRACARDIAC'),('INTRACRANIAL'),('SURGICAL_CAVITY'),('INTRATHORACIC'),('RECTAL'),('INTRAAMNIOTIC'),('INTRAVASCULAR'),('INTRAVESICAL'),('INTRADUODENAL'),('INTRABURSAL'),('ARTERIOVENOUS_GRAFT'),('INTRAGINGIVAL'),('TUMOR_CAVITY'),('ENDOSINUSIAL'),('NI'),('OROGASTRIC'),('TRANSTRACHEAL'),('INTRAVENOUS'),('INTRADISCAL'),('INTRATHECAL'),('ENDOCERVICAL'),('INTRAEPICARDIAL'),('CUTANEOUS'),('NASAL'),('INTRAVITREAL'),('INTRACISTERNAL'),('INTRAMUSCULAR'),('PERINEURAL'),('INTRATUMOR'),('INTRASYNOVIAL'),('LOWER_RESPIRATORY_TRACT'),('PARACERVICAL'),('TRANSMUCOSAL'),('INTRACAVERNOUS'),('INTRAABDOMINAL'),('INTRACORNEAL'),('ENTERAL'),('EXTRA_AMNIOTIC'),('GASTRO_INTESTINAL_STOMA'),('INTRADERMAL'),('TRANSPLACENTAL'),('INTRAOSSEOUS'),('ORAL'),('LARYNGEAL'),('CONJUNCTIVAL'),('SUBLINGUAL'),('TRANSTYMPANIC'),('INTRACORONARY'),('SUBGINGIVAL'),('INTRAMEDULLARY'),('INTRACAMERAL'),('INTRAPERICARDIAL'),('SUBCONJUNCTIVAL'),('INTRATYMPANIC'),('INTRATENDINOUS'),('INTRAPULMONARY'),('INTRABRONCHIAL'),('INTRAGASTRIC'),('INTRAMENINGEAL'),('ESOPHAGOSTOMY'),('TRANSCERVICAL'),('SUBTENDINOUS'),('JEJUNOSTOMY'),('INTRACOLONIC'),('INTRACARTILAGINOUS'),('COLOSTOMY'),('INTRAUTERINE'),('BODY_CAVITY'),('OPHTHALMIC'),('INTRAMAMMARY'),('INTRAEPIDERMAL'),('INTRACORONAL'),('INTRANEURAL'),('INTRACEREBROVENTRICULAR'),('INTRA_ARTERIAL'),('SUBORBITAL'),('INTRATESTICULAR'),('URETHRAL'),('TRANSENDOCARDIAL'),('UN'),('SUBCUTANEOUS'),('RESPIRATORY_TRACT'),('INTRALINGUAL'),('MUCOUS_FISTULA'),('DENTAL'),('INTRAILEAL'),('NASODUODENAL'),('PARAVERTEBRAL'),('INTRAPLEURAL'),('EXTRACORPOREAL'),('INTRADUCTAL'),('TRANSDERMAL'),('DIGESTIVE_TRACT'),('FISTULA'),('INTRACORPUS_CAVERNOSUM'),('SURGICAL_DRAIN'),('CAUDAL'),('INTRALUMINAL'),('PERIURETHRAL'),('NASOJEJUNAL')
;


SELECT 'VS_OBSGEN_OBSGEN_RESULT_QUAL' as "PROCESSING TABLE:";
INSERT IGNORE INTO `VS_OBSGEN_OBSGEN_RESULT_QUAL` (`OBSGEN_RESULT_QUAL`)
VALUES ('UNDETERMINED'),('NI'),('BORDERLINE'),('NORMAL'),('POSITIVE'),('ABNORMAL'),('NEGATIVE'),('ELEVATED'),('HIGH'),('UN'),('LOW'),('OT')
;


SELECT 'VS_LABRESULTCM_RESULT_MODIFIER' as "PROCESSING TABLE:";
INSERT IGNORE INTO `VS_LABRESULTCM_RESULT_MODIFIER` (`RESULT_MODIFIER`)
VALUES ('NI'),('GT'),('TX'),('LT'),('GE'),('LE'),('UN'),('OT'),('EQ')
;


SELECT 'VS_HARVEST_RX_START_DATE_MGMT' as "PROCESSING TABLE:";
INSERT IGNORE INTO `VS_HARVEST_RX_START_DATE_MGMT` (`RX_START_DATE_MGMT`)
VALUES ('02'),('03'),('01'),('04'),('NI'),('UN'),('OT')
;


SELECT 'VS_PROCM_PRO_CAT' as "PROCESSING TABLE:";
INSERT IGNORE INTO `VS_PROCM_PRO_CAT` (`PRO_CAT`)
VALUES ('Y'),('NI'),('UN'),('OT'),('N')
;


SELECT 'VS_PROCEDURES_PX_SOURCE' as "PROCESSING TABLE:";
INSERT IGNORE INTO `VS_PROCEDURES_PX_SOURCE` (`PX_SOURCE`)
VALUES ('NI'),('CL'),('OD'),('BI'),('UN'),('OT'),('DR')
;


SELECT 'VS_DEATHCAUSE_DEATH_CAUSE_CODE' as "PROCESSING TABLE:";
INSERT IGNORE INTO `VS_DEATHCAUSE_DEATH_CAUSE_CODE` (`DEATH_CAUSE_CODE`)
VALUES ('UN'),('10'),('09'),('OT'),('NI')
;


SELECT 'VS_OBSGEN_OBSGEN_RESULT_UNIT' as "PROCESSING TABLE:";
INSERT IGNORE INTO `VS_OBSGEN_OBSGEN_RESULT_UNIT` (`OBSGEN_RESULT_UNIT`)
VALUES ('mPa.s'),('lm.m2'),('[IU]/kg'),('ug/(100.g)'),('[IU]/(24.h)'),('mg/{total_output}'),('{Log_IU}'),('[APL\'U]/mL'),('{CAE\'U}'),('osm'),('pg/L'),('mmol/kg'),('{#}/[HPF]'),('10*6/mL'),('{activity}'),('10*12/L'),('um/s'),('cm2'),('ng/dL'),('[tsp_us]'),('dyn.s/(cm.m2)'),('kU/mL'),('nkat'),('10*3/L'),('mU/mmol{creat}'),('s/{control}'),('pkat'),('U{37Cel}/L'),('u[IU]/L'),('mg'),('meq/m2'),('{Rubella_virus}'),('/[arb\'U]'),('mmol/mmol{creat}'),('mg/{specimen}'),('%{recovery}'),('{cells}'),('pmol/min'),('Gy'),('ng/10*6'),('meq/mL'),('mg/(72.h)'),('10*4/uL'),('mg/kg/min'),('{titer}'),('{CH100\'U}'),('umol/mL'),('/mg'),('[beth\'U]'),('/mo'),('/mm'),('A'),('ueq'),('ng/mL{RBCs}'),('U/mL'),('ng{FEU}/mL'),('g/{total_output}'),('g/(48.h)'),('mm[Hg]'),('mL/(2.h)'),('/mL'),('eq/mmol'),('mg/m3'),('mg/m2'),('ug{FEU}/mL'),('daL/min'),('{ARU}'),('/uL'),('meq/g{creat}'),('mg/mL'),('K'),('pmol/dL'),('/m3'),('/m2'),('meq'),('{EIA_titer}'),('Ms'),('[pH]'),('ng/kg'),('g/(4.h)'),('mg/L{RBCs}'),('%{reactive}'),('{Lyme_index_value}'),('Ohm.m'),('{#}/L'),('U/10'),('umol/L/h'),('mmol/{total_vol}'),('kcal'),('K/W'),('[lb_av]'),('nmol/dL{GF}'),('mg/(2.h)'),('g/kg/(8.h){shift}'),('/kg{body_wt}'),('/100{cells}'),('L/(24.h)'),('mmol/L{RBCs}'),('U{25Cel}/L'),('mL/(24.h)'),('mmol/mmol{urea}'),('10*3'),('[MPL\'U]'),('10*8'),('m2'),('10*5'),('10*6'),('L/kg'),('{MPS\'U}'),('{FIU}'),('mA'),('F'),('[mi_i]'),('[degF]'),('ug/g{tissue}'),('mg/d'),('/10*12{RBCs}'),('mV'),('V'),('kg/m3'),('kg/m2'),('g/h/m2'),('10*6.[IU]'),('{ELISA\'U}'),('[tb\'U]'),('ug/dL{RBCs}'),('%{total}'),('mm'),('eq/umol'),('ag/{cell}'),('[mclg\'U]'),('{APS\'U}'),('mol/kg/s'),('/g{wet_tis}'),('erg'),('{Log}'),('ms'),('cal'),('{AHF\'U}'),('mo'),('deg'),('ug/(8.h)'),('umol/min'),('ug/mmol'),('mmol/kg/min'),('%{hemolysis}'),('kU/L{class}'),('mmol/mmol'),('umol/mol{Hb}'),('L/(8.h)'),('nmol/mg{prot}'),('%{abnormal}'),('g/{specimen}'),('{copies}'),('[IU]/kg/d'),('mg/{collection}'),('UN'),('H'),('mosm/kg'),('[CFU]/L'),('nm/s/L'),('{M.o.M}'),('{absorbance}'),('pg/mg'),('ng/10*6{RBCs}'),('kPa'),('meq/h'),('fg'),('N.cm'),('meq/g'),('fm'),('meq/d'),('a'),('mL/{beat}'),('mL/{beat}/m2'),('ug/mg{creat}'),('ng/min'),('pg/mg{creat}'),('meq/L'),('nU/mL'),('10*9/mL'),('fL'),('%{index}'),('/{OIF}'),('nmol/s/L'),('meq/dL'),('g{total_nit}'),('g/mg'),('ng/g{creat}'),('ug/g{creat}'),('{INR}'),('{mutation}'),('[sin_i]'),('g/mL'),('{STDV}'),('%{baseline}'),('/min'),('lm'),('nmol/g{dry_wt}'),('24.h'),('umol/min/L'),('%{loss_AChR}'),('{Ehrlich\'U}/dL'),('U/10*12{RBCs}'),('{IFA_index}'),('L'),('ug/m2'),('mmol/kg/(8.h)'),('meq/{total_volume}'),('cSt'),('ng/mg/h'),('[ft_i]'),('g/m2'),('mL/kg'),('kcal/h'),('mg/g{tissue}'),('kcal/kg/(24.h)'),('A/m'),('{GAA_repeats}'),('kcal/d'),('mmol/kg/d'),('g/dL'),('mmol/kg/h'),('nmol/umol{creat}'),('fmol'),('ng/(8.h)'),('cm[H2O]/L/s'),('10*6/uL'),('[syd_i]'),('g/(3.d)'),('g/cm3'),('mL/(72.h)'),('mm2'),('[bdsk\'U]'),('nmol/mL/h'),('eq'),('/g{Hb}'),('uOhm'),('{spermatozoa}/mL'),('pmol/(24.h)'),('%{excretion}'),('nmol/L{RBCs}'),('mg/kg/d'),('osm/L'),('umol/g{Hb}'),('eV'),('kg/min'),('umol/min/g'),('[IU]'),('ug/mmol{creat}'),('{KCT\'U}'),('mL/dL'),('mg/(6.h)'),('/10*4{RBCs}'),('{Ehrlich\'U}/d'),('{MPS\'U}/mL'),('[knk\'U]'),('[arb\'U]'),('umol/min/g{prot}'),('g'),('atm'),('[psi]'),('%{uptake}'),('mg/(24.h)'),('[dr_av]'),('g/(12.h)'),('U/g{protein}'),('mmol/h/mg{prot}'),('cm2/s'),('{clock_time}'),('eq/L'),('{RBC}/uL'),('g/(8.h){shift}'),('pg/mL'),('g.m/{beat}'),('uL/h'),('%{deficient}'),('{KRONU\'U}/mL'),('mU/mg{creat}'),('[IU]/min'),('mg/wk'),('nmol/h/L'),('Cel'),('ug/mL{class}'),('pg/mm'),('mg/kg/(8.h)'),('L/(min.m2)'),('/g{tot_nit}'),('{#}/mL'),('[IU]/L{37Cel}'),('g/g{creat}'),('nmol{ATP}'),('pmol/d'),('nmol/min/10*6{cells}'),('nmol/min/mL'),('{minidrop}/s'),('u[IU]/mL'),('ng/mL/h'),('nmol/mg{prot}/h'),('mg/mmol'),('ug/g{dry_tissue}'),('[IU]/L'),('umol/mL/min'),('[pt_us]'),('{CAG_repeats}'),('[pptr]'),('nmol/g{creat}'),('k[IU]/L'),('pg/dL'),('pmol/min/mg{prot}'),('[in_i]'),('[IU]/g'),('U/10*10{cells}'),('[CFU]/mL'),('%{activity}'),('{dilution}'),('{s_co_ratio}'),('[IU]/h'),('ug/(24.h)'),('{percentile}'),('ug'),('g/(72.h)'),('[ppb]'),('cm[H2O]'),('[cin_i]'),('mg/{total_volume}'),('/100{spermatozoa}'),('nmol/L'),('kat/kg'),('{GPS\'U}'),('/mmol{creat}'),('umol{BCE}/mol'),('pmol/h/mL'),('%{dose}'),('mmol/(24.h)'),('[ppm]'),('ug/[sft_i]'),('min'),('nU/{RBC}'),('mg/dL{RBCs}'),('umol/L{RBCs}'),('nmol/s'),('[foz_us]'),('mol/mL'),('nmol/d'),('nmol/g'),('/10*3{RBCs}'),('g/L'),('nmol/L/mmol{creat}'),('uV'),('mmol/m2'),('ug/g{feces}'),('/wk'),('mosm'),('mol/m3'),('{#}/[LPF]'),('ug/kg/(8.h)'),('kL'),('%{loss}'),('ug/ng'),('kU'),('kat'),('%{positive}'),('kU/g'),('uU/L'),('J/L'),('mL/(4.h)'),('{EIA_index}'),('kg'),('g/h'),('U/10*9'),('g/d'),('g/g'),('mosm/L'),('m'),('%{basal_activity}'),('km'),('uU/g'),('kU/L'),('umol/mg'),('[IU]/10*9{RBCs}'),('[gal_us]'),('umol'),('g/g{tissue}'),('{ImmuneComplex\'U}'),('mmol/min'),('g/(24.h)'),('ng/L'),('mmol/{ejaculate}'),('mL/(12.h)'),('g/(5.h)'),('%{blockade}'),('%{binding}'),('U/dL'),('mL/mbar'),('g{creat}'),('10*6/L'),('10*3/mL'),('dm'),('nmol/dL'),('[IU]/mg{creat}'),('dg'),('pmol/{RBC}'),('{JDF\'U}/L'),('mmol/{specimen}'),('g/{total_weight}'),('mL/(6.h)'),('%{relative}'),('%{pooled_plasma}'),('/[HPF]'),('{Log_IU}/mL'),('dL'),('bar'),('nmol'),('{EV}'),('ug/g{hair}'),('h'),('{cells}/[HPF]'),('dB'),('ug/L{RBCs}'),('nmol/m/mg{prot}'),('g/kg/(8.h)'),('{shift}'),('10*3{RBCs}'),('{binding_index}'),('umol/umol'),('nmol/mol'),('mg/kg/h'),('nmol/mg/h'),('%{Hb}'),('g/mmol'),('nmol/h/mg{prot}'),('/kg'),('mmol/h/mg{Hb}'),('g/kg/d'),('{Ehrlich\'U}/100.g'),('%{bound}'),('ug/mg'),('g/kg/h'),('{Ehrlich\'U}'),('mU/mg'),('ug/kg'),('mg/dL'),('Pa'),('{mm/dd/yyyy}'),('ug/g{Hb}'),('meq/min'),('pmol/mmol{creat}'),('L/s/s2'),('{#}/min'),('{Pan_Bio\'U}'),('ug/mL'),('[oz_av]'),('[IU]/d'),('U/mmol{creat}'),('cm[H2O]/s/m'),('m3/s'),('U/(12.h)'),('10*9/L'),('U/(24.h)'),('mU/mL'),('[ka\'U]'),('nmol/mg'),('%{breakdown}'),('U/(10.g){feces}'),('[GPL\'U]'),('[IU]/g{Hb}'),('{saturation}'),('mbar/L/s'),('wk'),('ng/mg{prot}'),('/100'),('S'),('mmol/h'),('U/(2.h)'),('pg/{cell}'),('mbar'),('ug/L'),('ug/m3'),('kg/L'),('kg/s'),('%{reference}'),('umol/(2.h)'),('nmol/mL'),('%{inhibition}'),('{EIA\'U}/U'),('%{WBCs}'),('s'),('ug/d'),('ug/g'),('ug/mL{eqv}'),('ug/h'),('kg/h'),('umol/dL'),('mbar.s/L'),('kcal/[oz_av]'),('cm'),('/10*6'),('m/s'),('cg'),('{Log_copies}/mL'),('umol/mmol{creat}'),('pm'),('mol/mol'),('pA'),('meq/(2.h)'),('/10*3'),('pL'),('ps'),('nmol/mmol'),('%{at_60_min}'),('cL'),('mU/g'),('kg/mol'),('umol/kg'),('meq/kg'),('kg.m/s'),('meq/{specimen}'),('cP'),('[drp]'),('nmol/mg{creat}'),('%{lysis}'),('10.L/(min.m2)'),('{Globules}/[HPF]'),('[Ch]'),('mL/h'),('ug/kg/h'),('mL/d'),('k[IU]/mL'),('%{cells}'),('mg/mg'),('N'),('fmol/mg{prot}'),('/g{tot_prot}'),('meq/(8.h)'),('ug/dL'),('{copies}/mL'),('mL/s'),('mmol/(12.h)'),('meq/(24.h)'),('/100{neutrophils}'),('pmol/h/mg{prot}'),('{HA_titer}'),('/dL'),('mmol/mol'),('ng/mL'),('{IFA_titer}'),('/10*12'),('mmol/mol{creat}'),('/10*10'),('mmol/(5.h)'),('mg/h'),('/L'),('/100{WBCs}'),('%{penetration}'),('[CFU]'),('L/min'),('U/10*12'),('mg/g'),('U/10*10'),('mg/d/{1.73_m2}'),('mmol/s/L'),('/U'),('[qt_us]'),('mm/h'),('mL{fetal_RBCs}'),('mg/L'),('/h'),('/g'),('/d'),('{JDF\'U}'),('/a'),('ug/{specimen}'),('[IU]/mL'),('g{Hb}'),('/s'),('mmol/(2.h)'),('umol/kg{feces}'),('g.m'),('[tbs_us]'),('nmol/mmol{creat}'),('pmol/mg{prot}'),('U/g{creat}'),('pmol/umol'),('U/min'),('meq/kg/h'),('ng/mg'),('ng/mg{creat}'),('umol/g{creat}'),('mol/s'),('mg/g{feces}'),('{delta_OD}'),('ueq/mL'),('nmol{BCE}'),('g{wet_tissue}'),('%{normal}'),('{beats}/min'),('{cells}/uL'),('10*6/kg'),('%{blocked}'),('umol/h'),('10*6/(24.h)'),('umol/dL{GF}'),('10*3{copies}/mL'),('/cm[H2O]'),('mol'),('umol/d'),('ug/L/(24.h)'),('umol/g'),('mU/L'),('{minidrop}/min'),('u[IU]'),('mL/kg/(8.h)'),('eq/mL'),('{index_val}'),('/[LPF]'),('umol/L'),('pT'),('[todd\'U]'),('umol/mmol'),('[HPF]'),('ng/m2'),('ng/kg/h'),('Bq'),('U/mL{RBCs}'),('umol/(24.h)'),('mmol/d'),('mg/g{dry_tissue}'),('mg/mg{creat}'),('pmol/L'),('g/(6.h)'),('L/d'),('{fraction}'),('L/h'),('mmol/g'),('/g{creat}'),('L/s'),('[yd_i]'),('T'),('umol/mg{creat}'),('mL/min/{1.73_m2}'),('mg/g{wet_tissue}'),('[APL\'U]'),('{WBCs}'),('Ohm'),('d'),('pmol/g'),('10*3/uL'),('g/min'),('mL/[sin_i]'),('[IU]/dL'),('mg/kg'),('g/kg/min'),('mg/mmol{creat}'),('OT'),('%{saturation}'),('ng/kg/(8.h)'),('mL/(5.h)'),('mmol/g{creat}'),('{EIA\'U}'),('g/kg'),('mL/min/m2'),('{TSI_index}'),('mg/min'),('L/L'),('%{bacteria}'),('mL/min'),('osm/kg'),('Hz'),('mol/L'),('mL/kg/h'),('deg/s'),('mL/kg/d'),('umol/(8.h)'),('{phenotype}'),('nmol/min/mg{prot}'),('m[IU]/L'),('daL/min/m2'),('umol/umol{creat}'),('N.s'),('mL/(8.h)/kg'),('t'),('mU/g{Hb}'),('uL/(2.h)'),('Wb'),('%{vol}'),('{genomes}/mL'),('mL/cm[H2O]'),('nmol/nmol'),('nmol/(24.h)'),('mmol'),('%{RBCs}'),('pg/{RBC}'),('[MPL\'U]/mL'),('nmol/mL/min'),('{CPM}/10*3{cell}'),('g/g{globulin}'),('mmol/(8.h)'),('[ppth]'),('U'),('m2/s'),('fmol/mL'),('g/mol{creat}'),('{Ehrlich\'U}/(2.h)'),('U/d'),('/(12.h)'),('kg/(s.m2)'),('Torr'),('umol/mol'),('mol/kg'),('NI'),('{count}'),('cm[Hg]'),('{CPM}'),('nmol{BCE}/L'),('fmol/mg'),('ukat'),('g/(100.g)'),('%{aggregation}'),('mm/min'),('uU/mL'),('[AU]'),('mg/(8.h)'),('pmol/mL'),('pg'),('%{viable}'),('kat/L'),('nmol/min'),('{#}'),('J'),('{ratio}'),('ng/s'),('uL'),('ng/h'),('ng/d'),('ng/g'),('mL/(8.h)'),('{copies}/ug'),('dm2/s2'),('U/g{Hb}'),('ug/g{dry_wt}'),('ng/U'),('us'),('um'),('mL/kg/min'),('mU/mmol{RBCs}'),('U/10*6'),('10.uN.s/(cm5.m2)'),('mU/g{prot}'),('mg{FEU}/L'),('fmol/mg{cyt_prot}'),('mmol/(6.h)'),('pmol/umol{creat}'),('nL'),('[sft_i]'),('umol/min/g{mucosa}'),('/10*9'),('{#}/{platelet}'),('mm[H2O]'),('{#}/uL'),('/[IU]'),('dyn.s/cm'),('mmol/L'),('{OD_unit}'),('pmol'),('ks'),('mL/m2'),('nmol/min/mg{Hb}'),('%'),('nm'),('umol/mol{creat}'),('mPa'),('ug/min'),('mg/g{creat}'),('ng'),('g{total_prot}'),('mL/(10.h)'),('U/kg{Hb}'),('/{entity}'),('mL'),('[in_i\'H2O]'),('{rel_saturation}'),('mU/mL/min'),('ns'),('%{residual}'),('10*6.[CFU]/L'),('U/s'),('m[IU]/mL'),('ug/kg/d'),('[GPL\'U]/mL'),('mg/(10.h)'),('fmol/L'),('Sv'),('{ISR}'),('10*9/uL'),('U/g'),('ug/kg/min'),('m/s2'),('10.L/min'),('ng/kg/min'),('U/h'),('mmol/dL'),('ueq/L'),('ng/(24.h)'),('[LPF]'),('fmol/g'),('[oz_tr]'),('[ppm]{v/v}'),('[IU]/(2.h)'),('[arb\'U]/mL'),('mL/mm'),('mg/(12.h)'),('U/L')
;


SELECT 'VS_ENCOUNTER_DRG_TYPE' as "PROCESSING TABLE:";
INSERT IGNORE INTO `VS_ENCOUNTER_DRG_TYPE` (`DRG_TYPE`)
VALUES ('NI'),('01'),('OT'),('UN')
;


SELECT 'VS_OBSCLIN_OBSCLIN_RESULT_UNIT' as "PROCESSING TABLE:";
INSERT IGNORE INTO `VS_OBSCLIN_OBSCLIN_RESULT_UNIT` (`OBSCLIN_RESULT_UNIT`)
VALUES ('mPa.s'),('lm.m2'),('[IU]/kg'),('ug/(100.g)'),('[IU]/(24.h)'),('mg/{total_output}'),('{Log_IU}'),('[APL\'U]/mL'),('{CAE\'U}'),('osm'),('pg/L'),('mmol/kg'),('{#}/[HPF]'),('10*6/mL'),('{activity}'),('10*12/L'),('um/s'),('cm2'),('ng/dL'),('[tsp_us]'),('dyn.s/(cm.m2)'),('kU/mL'),('nkat'),('10*3/L'),('mU/mmol{creat}'),('s/{control}'),('pkat'),('U{37Cel}/L'),('u[IU]/L'),('mg'),('meq/m2'),('{Rubella_virus}'),('/[arb\'U]'),('mmol/mmol{creat}'),('mg/{specimen}'),('%{recovery}'),('{cells}'),('pmol/min'),('Gy'),('ng/10*6'),('meq/mL'),('mg/(72.h)'),('10*4/uL'),('mg/kg/min'),('{titer}'),('{CH100\'U}'),('umol/mL'),('/mg'),('[beth\'U]'),('/mo'),('/mm'),('A'),('ueq'),('ng/mL{RBCs}'),('U/mL'),('ng{FEU}/mL'),('g/{total_output}'),('g/(48.h)'),('mm[Hg]'),('mL/(2.h)'),('/mL'),('eq/mmol'),('mg/m3'),('mg/m2'),('ug{FEU}/mL'),('daL/min'),('{ARU}'),('/uL'),('meq/g{creat}'),('mg/mL'),('K'),('pmol/dL'),('/m3'),('/m2'),('meq'),('{EIA_titer}'),('Ms'),('[pH]'),('ng/kg'),('g/(4.h)'),('mg/L{RBCs}'),('%{reactive}'),('{Lyme_index_value}'),('Ohm.m'),('{#}/L'),('U/10'),('umol/L/h'),('mmol/{total_vol}'),('kcal'),('K/W'),('[lb_av]'),('nmol/dL{GF}'),('mg/(2.h)'),('g/kg/(8.h){shift}'),('/kg{body_wt}'),('/100{cells}'),('L/(24.h)'),('mmol/L{RBCs}'),('U{25Cel}/L'),('mL/(24.h)'),('mmol/mmol{urea}'),('10*3'),('[MPL\'U]'),('10*8'),('m2'),('10*5'),('10*6'),('L/kg'),('{MPS\'U}'),('{FIU}'),('mA'),('F'),('[mi_i]'),('[degF]'),('ug/g{tissue}'),('mg/d'),('/10*12{RBCs}'),('mV'),('V'),('kg/m3'),('kg/m2'),('g/h/m2'),('10*6.[IU]'),('{ELISA\'U}'),('[tb\'U]'),('ug/dL{RBCs}'),('%{total}'),('mm'),('eq/umol'),('ag/{cell}'),('[mclg\'U]'),('{APS\'U}'),('mol/kg/s'),('/g{wet_tis}'),('erg'),('{Log}'),('ms'),('cal'),('{AHF\'U}'),('mo'),('deg'),('ug/(8.h)'),('umol/min'),('ug/mmol'),('mmol/kg/min'),('%{hemolysis}'),('kU/L{class}'),('mmol/mmol'),('umol/mol{Hb}'),('L/(8.h)'),('nmol/mg{prot}'),('%{abnormal}'),('g/{specimen}'),('{copies}'),('[IU]/kg/d'),('mg/{collection}'),('UN'),('H'),('mosm/kg'),('[CFU]/L'),('nm/s/L'),('{M.o.M}'),('{absorbance}'),('pg/mg'),('ng/10*6{RBCs}'),('kPa'),('meq/h'),('fg'),('N.cm'),('meq/g'),('fm'),('meq/d'),('a'),('mL/{beat}'),('mL/{beat}/m2'),('ug/mg{creat}'),('ng/min'),('pg/mg{creat}'),('meq/L'),('nU/mL'),('10*9/mL'),('fL'),('%{index}'),('/{OIF}'),('nmol/s/L'),('meq/dL'),('g{total_nit}'),('g/mg'),('ng/g{creat}'),('ug/g{creat}'),('{INR}'),('{mutation}'),('[sin_i]'),('g/mL'),('{STDV}'),('%{baseline}'),('/min'),('lm'),('nmol/g{dry_wt}'),('24.h'),('umol/min/L'),('%{loss_AChR}'),('{Ehrlich\'U}/dL'),('U/10*12{RBCs}'),('{IFA_index}'),('L'),('ug/m2'),('mmol/kg/(8.h)'),('meq/{total_volume}'),('cSt'),('ng/mg/h'),('[ft_i]'),('g/m2'),('mL/kg'),('kcal/h'),('mg/g{tissue}'),('kcal/kg/(24.h)'),('A/m'),('{GAA_repeats}'),('kcal/d'),('mmol/kg/d'),('g/dL'),('mmol/kg/h'),('nmol/umol{creat}'),('fmol'),('ng/(8.h)'),('cm[H2O]/L/s'),('10*6/uL'),('[syd_i]'),('g/(3.d)'),('g/cm3'),('mL/(72.h)'),('mm2'),('[bdsk\'U]'),('nmol/mL/h'),('eq'),('/g{Hb}'),('uOhm'),('{spermatozoa}/mL'),('pmol/(24.h)'),('%{excretion}'),('nmol/L{RBCs}'),('mg/kg/d'),('osm/L'),('umol/g{Hb}'),('eV'),('kg/min'),('umol/min/g'),('[IU]'),('ug/mmol{creat}'),('{KCT\'U}'),('mL/dL'),('mg/(6.h)'),('/10*4{RBCs}'),('{Ehrlich\'U}/d'),('{MPS\'U}/mL'),('[knk\'U]'),('[arb\'U]'),('umol/min/g{prot}'),('g'),('atm'),('[psi]'),('%{uptake}'),('mg/(24.h)'),('[dr_av]'),('g/(12.h)'),('U/g{protein}'),('mmol/h/mg{prot}'),('cm2/s'),('{clock_time}'),('eq/L'),('{RBC}/uL'),('g/(8.h){shift}'),('pg/mL'),('g.m/{beat}'),('uL/h'),('%{deficient}'),('{KRONU\'U}/mL'),('mU/mg{creat}'),('[IU]/min'),('mg/wk'),('nmol/h/L'),('Cel'),('ug/mL{class}'),('pg/mm'),('mg/kg/(8.h)'),('L/(min.m2)'),('/g{tot_nit}'),('{#}/mL'),('[IU]/L{37Cel}'),('g/g{creat}'),('nmol{ATP}'),('pmol/d'),('nmol/min/10*6{cells}'),('nmol/min/mL'),('{minidrop}/s'),('u[IU]/mL'),('ng/mL/h'),('nmol/mg{prot}/h'),('mg/mmol'),('ug/g{dry_tissue}'),('[IU]/L'),('umol/mL/min'),('[pt_us]'),('{CAG_repeats}'),('[pptr]'),('nmol/g{creat}'),('k[IU]/L'),('pg/dL'),('pmol/min/mg{prot}'),('[in_i]'),('[IU]/g'),('U/10*10{cells}'),('[CFU]/mL'),('%{activity}'),('{dilution}'),('{s_co_ratio}'),('[IU]/h'),('ug/(24.h)'),('{percentile}'),('ug'),('g/(72.h)'),('[ppb]'),('cm[H2O]'),('[cin_i]'),('mg/{total_volume}'),('/100{spermatozoa}'),('nmol/L'),('kat/kg'),('{GPS\'U}'),('/mmol{creat}'),('umol{BCE}/mol'),('pmol/h/mL'),('%{dose}'),('mmol/(24.h)'),('[ppm]'),('ug/[sft_i]'),('min'),('nU/{RBC}'),('mg/dL{RBCs}'),('umol/L{RBCs}'),('nmol/s'),('[foz_us]'),('mol/mL'),('nmol/d'),('nmol/g'),('/10*3{RBCs}'),('g/L'),('nmol/L/mmol{creat}'),('uV'),('mmol/m2'),('ug/g{feces}'),('/wk'),('mosm'),('mol/m3'),('{#}/[LPF]'),('ug/kg/(8.h)'),('kL'),('%{loss}'),('ug/ng'),('kU'),('kat'),('%{positive}'),('kU/g'),('uU/L'),('J/L'),('mL/(4.h)'),('{EIA_index}'),('kg'),('g/h'),('U/10*9'),('g/d'),('g/g'),('mosm/L'),('m'),('%{basal_activity}'),('km'),('uU/g'),('kU/L'),('umol/mg'),('[IU]/10*9{RBCs}'),('[gal_us]'),('umol'),('g/g{tissue}'),('{ImmuneComplex\'U}'),('mmol/min'),('g/(24.h)'),('ng/L'),('mmol/{ejaculate}'),('mL/(12.h)'),('g/(5.h)'),('%{blockade}'),('%{binding}'),('U/dL'),('mL/mbar'),('g{creat}'),('10*6/L'),('10*3/mL'),('dm'),('nmol/dL'),('[IU]/mg{creat}'),('dg'),('pmol/{RBC}'),('{JDF\'U}/L'),('mmol/{specimen}'),('g/{total_weight}'),('mL/(6.h)'),('%{relative}'),('%{pooled_plasma}'),('/[HPF]'),('{Log_IU}/mL'),('dL'),('bar'),('nmol'),('{EV}'),('ug/g{hair}'),('h'),('{cells}/[HPF]'),('dB'),('ug/L{RBCs}'),('nmol/m/mg{prot}'),('g/kg/(8.h)'),('{shift}'),('10*3{RBCs}'),('{binding_index}'),('umol/umol'),('nmol/mol'),('mg/kg/h'),('nmol/mg/h'),('%{Hb}'),('g/mmol'),('nmol/h/mg{prot}'),('/kg'),('mmol/h/mg{Hb}'),('g/kg/d'),('{Ehrlich\'U}/100.g'),('%{bound}'),('ug/mg'),('g/kg/h'),('{Ehrlich\'U}'),('mU/mg'),('ug/kg'),('mg/dL'),('Pa'),('{mm/dd/yyyy}'),('ug/g{Hb}'),('meq/min'),('pmol/mmol{creat}'),('L/s/s2'),('{#}/min'),('{Pan_Bio\'U}'),('ug/mL'),('[oz_av]'),('[IU]/d'),('U/mmol{creat}'),('cm[H2O]/s/m'),('m3/s'),('U/(12.h)'),('10*9/L'),('U/(24.h)'),('mU/mL'),('[ka\'U]'),('nmol/mg'),('%{breakdown}'),('U/(10.g){feces}'),('[GPL\'U]'),('[IU]/g{Hb}'),('{saturation}'),('mbar/L/s'),('wk'),('ng/mg{prot}'),('/100'),('S'),('mmol/h'),('U/(2.h)'),('pg/{cell}'),('mbar'),('ug/L'),('ug/m3'),('kg/L'),('kg/s'),('%{reference}'),('umol/(2.h)'),('nmol/mL'),('%{inhibition}'),('{EIA\'U}/U'),('%{WBCs}'),('s'),('ug/d'),('ug/g'),('ug/mL{eqv}'),('ug/h'),('kg/h'),('umol/dL'),('mbar.s/L'),('kcal/[oz_av]'),('cm'),('/10*6'),('m/s'),('cg'),('{Log_copies}/mL'),('umol/mmol{creat}'),('pm'),('mol/mol'),('pA'),('meq/(2.h)'),('/10*3'),('pL'),('ps'),('nmol/mmol'),('%{at_60_min}'),('cL'),('mU/g'),('kg/mol'),('umol/kg'),('meq/kg'),('kg.m/s'),('meq/{specimen}'),('cP'),('[drp]'),('nmol/mg{creat}'),('%{lysis}'),('10.L/(min.m2)'),('{Globules}/[HPF]'),('[Ch]'),('mL/h'),('ug/kg/h'),('mL/d'),('k[IU]/mL'),('%{cells}'),('mg/mg'),('N'),('fmol/mg{prot}'),('/g{tot_prot}'),('meq/(8.h)'),('ug/dL'),('{copies}/mL'),('mL/s'),('mmol/(12.h)'),('meq/(24.h)'),('/100{neutrophils}'),('pmol/h/mg{prot}'),('{HA_titer}'),('/dL'),('mmol/mol'),('ng/mL'),('{IFA_titer}'),('/10*12'),('mmol/mol{creat}'),('/10*10'),('mmol/(5.h)'),('mg/h'),('/L'),('/100{WBCs}'),('%{penetration}'),('[CFU]'),('L/min'),('U/10*12'),('mg/g'),('U/10*10'),('mg/d/{1.73_m2}'),('mmol/s/L'),('/U'),('[qt_us]'),('mm/h'),('mL{fetal_RBCs}'),('mg/L'),('/h'),('/g'),('/d'),('{JDF\'U}'),('/a'),('ug/{specimen}'),('[IU]/mL'),('g{Hb}'),('/s'),('mmol/(2.h)'),('umol/kg{feces}'),('g.m'),('[tbs_us]'),('nmol/mmol{creat}'),('pmol/mg{prot}'),('U/g{creat}'),('pmol/umol'),('U/min'),('meq/kg/h'),('ng/mg'),('ng/mg{creat}'),('umol/g{creat}'),('mol/s'),('mg/g{feces}'),('{delta_OD}'),('ueq/mL'),('nmol{BCE}'),('g{wet_tissue}'),('%{normal}'),('{beats}/min'),('{cells}/uL'),('10*6/kg'),('%{blocked}'),('umol/h'),('10*6/(24.h)'),('umol/dL{GF}'),('10*3{copies}/mL'),('/cm[H2O]'),('mol'),('umol/d'),('ug/L/(24.h)'),('umol/g'),('mU/L'),('{minidrop}/min'),('u[IU]'),('mL/kg/(8.h)'),('eq/mL'),('{index_val}'),('/[LPF]'),('umol/L'),('pT'),('[todd\'U]'),('umol/mmol'),('[HPF]'),('ng/m2'),('ng/kg/h'),('Bq'),('U/mL{RBCs}'),('umol/(24.h)'),('mmol/d'),('mg/g{dry_tissue}'),('mg/mg{creat}'),('pmol/L'),('g/(6.h)'),('L/d'),('{fraction}'),('L/h'),('mmol/g'),('/g{creat}'),('L/s'),('[yd_i]'),('T'),('umol/mg{creat}'),('mL/min/{1.73_m2}'),('mg/g{wet_tissue}'),('[APL\'U]'),('{WBCs}'),('Ohm'),('d'),('pmol/g'),('10*3/uL'),('g/min'),('mL/[sin_i]'),('[IU]/dL'),('mg/kg'),('g/kg/min'),('mg/mmol{creat}'),('OT'),('%{saturation}'),('ng/kg/(8.h)'),('mL/(5.h)'),('mmol/g{creat}'),('{EIA\'U}'),('g/kg'),('mL/min/m2'),('{TSI_index}'),('mg/min'),('L/L'),('%{bacteria}'),('mL/min'),('osm/kg'),('Hz'),('mol/L'),('mL/kg/h'),('deg/s'),('mL/kg/d'),('umol/(8.h)'),('{phenotype}'),('nmol/min/mg{prot}'),('m[IU]/L'),('daL/min/m2'),('umol/umol{creat}'),('N.s'),('mL/(8.h)/kg'),('t'),('mU/g{Hb}'),('uL/(2.h)'),('Wb'),('%{vol}'),('{genomes}/mL'),('mL/cm[H2O]'),('nmol/nmol'),('nmol/(24.h)'),('mmol'),('%{RBCs}'),('pg/{RBC}'),('[MPL\'U]/mL'),('nmol/mL/min'),('{CPM}/10*3{cell}'),('g/g{globulin}'),('mmol/(8.h)'),('[ppth]'),('U'),('m2/s'),('fmol/mL'),('g/mol{creat}'),('{Ehrlich\'U}/(2.h)'),('U/d'),('/(12.h)'),('kg/(s.m2)'),('Torr'),('umol/mol'),('mol/kg'),('NI'),('{count}'),('cm[Hg]'),('{CPM}'),('nmol{BCE}/L'),('fmol/mg'),('ukat'),('g/(100.g)'),('%{aggregation}'),('mm/min'),('uU/mL'),('[AU]'),('mg/(8.h)'),('pmol/mL'),('pg'),('%{viable}'),('kat/L'),('nmol/min'),('{#}'),('J'),('{ratio}'),('ng/s'),('uL'),('ng/h'),('ng/d'),('ng/g'),('mL/(8.h)'),('{copies}/ug'),('dm2/s2'),('U/g{Hb}'),('ug/g{dry_wt}'),('ng/U'),('us'),('um'),('mL/kg/min'),('mU/mmol{RBCs}'),('U/10*6'),('10.uN.s/(cm5.m2)'),('mU/g{prot}'),('mg{FEU}/L'),('fmol/mg{cyt_prot}'),('mmol/(6.h)'),('pmol/umol{creat}'),('nL'),('[sft_i]'),('umol/min/g{mucosa}'),('/10*9'),('{#}/{platelet}'),('mm[H2O]'),('{#}/uL'),('/[IU]'),('dyn.s/cm'),('mmol/L'),('{OD_unit}'),('pmol'),('ks'),('mL/m2'),('nmol/min/mg{Hb}'),('%'),('nm'),('umol/mol{creat}'),('mPa'),('ug/min'),('mg/g{creat}'),('ng'),('g{total_prot}'),('mL/(10.h)'),('U/kg{Hb}'),('/{entity}'),('mL'),('[in_i\'H2O]'),('{rel_saturation}'),('mU/mL/min'),('ns'),('%{residual}'),('10*6.[CFU]/L'),('U/s'),('m[IU]/mL'),('ug/kg/d'),('[GPL\'U]/mL'),('mg/(10.h)'),('fmol/L'),('Sv'),('{ISR}'),('10*9/uL'),('U/g'),('ug/kg/min'),('m/s2'),('10.L/min'),('ng/kg/min'),('U/h'),('mmol/dL'),('ueq/L'),('ng/(24.h)'),('[LPF]'),('fmol/g'),('[oz_tr]'),('[ppm]{v/v}'),('[IU]/(2.h)'),('[arb\'U]/mL'),('mL/mm'),('mg/(12.h)'),('U/L')
;


SELECT 'VS_DEATHCAUSE_DEATH_CAUSE_TYPE' as "PROCESSING TABLE:";
INSERT IGNORE INTO `VS_DEATHCAUSE_DEATH_CAUSE_TYPE` (`DEATH_CAUSE_TYPE`)
VALUES ('NI'),('C'),('I'),('O'),('UN'),('U'),('OT')
;


SELECT 'VS_HARVEST_RESOLVE_DATE_MGMT' as "PROCESSING TABLE:";
INSERT IGNORE INTO `VS_HARVEST_RESOLVE_DATE_MGMT` (`RESOLVE_DATE_MGMT`)
VALUES ('02'),('03'),('01'),('04'),('NI'),('UN'),('OT')
;


SELECT 'VS_PRESCRIBING_RX_SOURCE' as "PROCESSING TABLE:";
INSERT IGNORE INTO `VS_PRESCRIBING_RX_SOURCE` (`RX_SOURCE`)
VALUES ('NI'),('OD'),('DR'),('OT'),('UN')
;


SELECT 'VS_PRESCRIBING_RX_ROUTE' as "PROCESSING TABLE:";
INSERT IGNORE INTO `VS_PRESCRIBING_RX_ROUTE` (`RX_ROUTE`)
VALUES ('INTRAESOPHAGEAL'),('INTRATRACHEAL'),('INTRABILIARY'),('INTRAPERITONEAL'),('ILEOSTOMY'),('INTRAMURAL'),('OROPHARYNGEAL'),('OROMUCOSAL'),('INTRASTERNAL'),('INTRADURAL'),('INTERSTITIAL'),('INTRAVENOUS_CENTRAL'),('RETROBULBAR'),('INTRAVENTRICULAR_CARDIAC'),('INTRAOVARIAN'),('INTRASPINAL'),('NASOGASTRIC'),('INTRAPROSTATIC'),('PERIBULBAR'),('GASTROSTOMY'),('ARTERIOVENOUS_FISTULA'),('PERIARTICULAR'),('PERIDURAL'),('INTRAOCULAR'),('INTRAJEJUNAL'),('GASTROENTERAL'),('TOPICAL'),('VAGINAL'),('SUBLESIONAL'),('INTRAVENOUS_PERIPHERAL'),('PERITENDINOUS'),('PERIODONTAL'),('INTRASINAL'),('OTIC'),('PERCUTANEOUS'),('URETERAL'),('UROSTOMY'),('GINGIVAL'),('ENDOTRACHEOPULMONARY'),('INTRALESIONAL'),('INTRAMYOMETRIAL'),('INTRAHEPATIC'),('OT'),('INTRACEREBRAL'),('BUCCAL'),('SUBMUCOSAL'),('PERIOSTEAL'),('INTRALYMPHATIC'),('EPIDURAL'),('INTRA_ARTICULAR'),('TRANSURETHRAL'),('INTRACARDIAC'),('INTRACRANIAL'),('SURGICAL_CAVITY'),('INTRATHORACIC'),('RECTAL'),('INTRAAMNIOTIC'),('INTRAVASCULAR'),('INTRAVESICAL'),('INTRADUODENAL'),('INTRABURSAL'),('ARTERIOVENOUS_GRAFT'),('INTRAGINGIVAL'),('TUMOR_CAVITY'),('ENDOSINUSIAL'),('NI'),('OROGASTRIC'),('TRANSTRACHEAL'),('INTRAVENOUS'),('INTRADISCAL'),('INTRATHECAL'),('ENDOCERVICAL'),('INTRAEPICARDIAL'),('CUTANEOUS'),('NASAL'),('INTRAVITREAL'),('INTRACISTERNAL'),('INTRAMUSCULAR'),('PERINEURAL'),('INTRATUMOR'),('INTRASYNOVIAL'),('LOWER_RESPIRATORY_TRACT'),('PARACERVICAL'),('TRANSMUCOSAL'),('INTRACAVERNOUS'),('INTRAABDOMINAL'),('INTRACORNEAL'),('ENTERAL'),('EXTRA_AMNIOTIC'),('GASTRO_INTESTINAL_STOMA'),('INTRADERMAL'),('TRANSPLACENTAL'),('INTRAOSSEOUS'),('ORAL'),('LARYNGEAL'),('CONJUNCTIVAL'),('SUBLINGUAL'),('TRANSTYMPANIC'),('INTRACORONARY'),('SUBGINGIVAL'),('INTRAMEDULLARY'),('INTRACAMERAL'),('INTRAPERICARDIAL'),('SUBCONJUNCTIVAL'),('INTRATYMPANIC'),('INTRATENDINOUS'),('INTRAPULMONARY'),('INTRABRONCHIAL'),('INTRAGASTRIC'),('INTRAMENINGEAL'),('ESOPHAGOSTOMY'),('TRANSCERVICAL'),('SUBTENDINOUS'),('JEJUNOSTOMY'),('INTRACOLONIC'),('INTRACARTILAGINOUS'),('COLOSTOMY'),('INTRAUTERINE'),('BODY_CAVITY'),('OPHTHALMIC'),('INTRAMAMMARY'),('INTRAEPIDERMAL'),('INTRACORONAL'),('INTRANEURAL'),('INTRACEREBROVENTRICULAR'),('INTRA_ARTERIAL'),('SUBORBITAL'),('INTRATESTICULAR'),('URETHRAL'),('TRANSENDOCARDIAL'),('UN'),('SUBCUTANEOUS'),('RESPIRATORY_TRACT'),('INTRALINGUAL'),('MUCOUS_FISTULA'),('DENTAL'),('INTRAILEAL'),('NASODUODENAL'),('PARAVERTEBRAL'),('INTRAPLEURAL'),('EXTRACORPOREAL'),('INTRADUCTAL'),('TRANSDERMAL'),('DIGESTIVE_TRACT'),('FISTULA'),('INTRACORPUS_CAVERNOSUM'),('SURGICAL_DRAIN'),('CAUDAL'),('INTRALUMINAL'),('PERIURETHRAL'),('NASOJEJUNAL')
;


SELECT 'VS_LABRESULTCM_LAB_PX_TYPE' as "PROCESSING TABLE:";
INSERT IGNORE INTO `VS_LABRESULTCM_LAB_PX_TYPE` (`LAB_PX_TYPE`)
VALUES ('11'),('10'),('CH'),('LC'),('NI'),('09'),('ND'),('RE'),('UN'),('OT')
;


SELECT 'VS_OBSCLIN_OBSCLIN_TYPE' as "PROCESSING TABLE:";
INSERT IGNORE INTO `VS_OBSCLIN_OBSCLIN_TYPE` (`OBSCLIN_TYPE`)
VALUES ('NI'),('OT'),('UN'),('LC'),('SM')
;


SELECT 'VS_HARVEST_DISCHARGE_DATE_MGMT' as "PROCESSING TABLE:";
INSERT IGNORE INTO `VS_HARVEST_DISCHARGE_DATE_MGMT` (`DISCHARGE_DATE_MGMT`)
VALUES ('02'),('03'),('01'),('04'),('NI'),('UN'),('OT')
;


SELECT 'VS_PROCEDURES_ENC_TYPE' as "PROCESSING TABLE:";
INSERT IGNORE INTO `VS_PROCEDURES_ENC_TYPE` (`ENC_TYPE`)
VALUES ('NI'),('EI'),('ED'),('IS'),('AV'),('OA'),('UN'),('IP'),('IC'),('OT'),('OS')
;


SELECT 'VS_DEATHCAUSE_DEATH_CAUSE_CONFIDENCE' as "PROCESSING TABLE:";
INSERT IGNORE INTO `VS_DEATHCAUSE_DEATH_CAUSE_CONFIDENCE` (`DEATH_CAUSE_CONFIDENCE`)
VALUES ('NI'),('E'),('F'),('P'),('UN'),('OT')
;


SELECT 'VS_VITAL_VITAL_SOURCE' as "PROCESSING TABLE:";
INSERT IGNORE INTO `VS_VITAL_VITAL_SOURCE` (`VITAL_SOURCE`)
VALUES ('PR'),('NI'),('UN'),('PD'),('HC'),('OT'),('HD')
;


SELECT 'VS_CONDITION_CONDITION_SOURCE' as "PROCESSING TABLE:";
INSERT IGNORE INTO `VS_CONDITION_CONDITION_SOURCE` (`CONDITION_SOURCE`)
VALUES ('PR'),('NI'),('PC'),('RG'),('UN'),('HC'),('OT')
;


SELECT 'VS_OBSGEN_OBSGEN_TYPE' as "PROCESSING TABLE:";
INSERT IGNORE INTO `VS_OBSGEN_OBSGEN_TYPE` (`OBSGEN_TYPE`)
VALUES ('11'),('10'),('UD_*'),('LC'),('CVX'),('ON'),('ND'),('HP'),('09'),('RX'),('UN'),('NI'),('SM'),('HC'),('GM'),('OT'),('PC_*'),('HG')
;


SELECT 'VS_HARVEST_DATAMART_EHR' as "PROCESSING TABLE:";
INSERT IGNORE INTO `VS_HARVEST_DATAMART_EHR` (`DATAMART_EHR`)
VALUES ('02'),('NI'),('01'),('OT'),('UN')
;


SELECT 'VS_PROCM_PRO_METHOD' as "PROCESSING TABLE:";
INSERT IGNORE INTO `VS_PROCM_PRO_METHOD` (`PRO_METHOD`)
VALUES ('NI'),('PA'),('EC'),('IV'),('UN'),('PH'),('OT')
;


SELECT 'VS_DEMOGRAPHIC_GENDER_IDENTITY' as "PROCESSING TABLE:";
INSERT IGNORE INTO `VS_DEMOGRAPHIC_GENDER_IDENTITY` (`GENDER_IDENTITY`)
VALUES ('NI'),('GQ'),('F'),('M'),('DC'),('MU'),('TM'),('UN'),('TF'),('OT'),('SE')
;


SELECT 'VS_HARVEST_SPECIMEN_DATE_MGMT' as "PROCESSING TABLE:";
INSERT IGNORE INTO `VS_HARVEST_SPECIMEN_DATE_MGMT` (`SPECIMEN_DATE_MGMT`)
VALUES ('02'),('03'),('01'),('04'),('NI'),('UN'),('OT')
;


SELECT 'VS_PRESCRIBING_RX_DOSE_FORM' as "PROCESSING TABLE:";
INSERT IGNORE INTO `VS_PRESCRIBING_RX_DOSE_FORM` (`RX_DOSE_FORM`)
VALUES ('EXTENDED_RELEASE_ENTERIC_COATED_CAPSULE'),('MEDICATED_PAD'),('URETHRAL_GEL'),('OTIC_SUSPENSION'),('RECTAL_GEL'),('PUDDING'),('NASAL_SOLUTION'),('NASAL_SUSPENSION'),('RECTAL_OINTMENT'),('ORAL_SUSPENSION'),('VAGINAL_RING'),('EXTENDED_RELEASE_TABLET'),('IRRIGATION_SOLUTION'),('ORAL_OINTMENT'),('VAGINAL_TABLET'),('MEDICATED_SHAMPOO'),('ORAL_CREAM'),('EXTENDED_RELEASE_CAPSULE'),('TOPICAL_GEL'),('MOUTHWASH'),('AUGMENTED_TOPICAL_GEL'),('DOUCHE'),('AUGMENTED_TOPICAL_CREAM'),('VAGINAL_OINTMENT'),('URETHRAL_SUPPOSITORY'),('LOZENGE'),('BAR_SOAP'),('BUCCAL_TABLET'),('OT'),('NASAL_INHALER'),('DISINTEGRATING_TABLET'),('GRANULES'),('ORAL_CAPSULE'),('OPHTHALMIC_OINTMENT'),('INJECTABLE_SUSPENSION'),('VAGINAL_GEL'),('ENTERIC_COATED_TABLET'),('PELLET'),('OTIC_CREAM'),('POWDER_SPRAY'),('METERED_DOSE_INHALER'),('BEADS'),('MEDICATED_BAR_SOAP'),('GAS_FOR_INHALATION'),('NASAL_GEL'),('OPHTHALMIC_SUSPENSION'),('ORAL_STRIP'),('SUBLINGUAL_TABLET'),('RECTAL_FOAM'),('CRYSTALS'),('NASAL_CREAM'),('VAGINAL_FOAM'),('RECTAL_CREAM'),('TOPICAL_POWDER'),('INTRAPERITONEAL_SOLUTION'),('AUGMENTED_TOPICAL_LOTION'),('CHEWABLE_BAR'),('TOPICAL_LOTION'),('UN'),('FLAKES'),('ORAL_SOLUTION'),('VAGINAL_SPRAY'),('ORAL_TABLET'),('TOPICAL_OINTMENT'),('PREFILLED_SYRINGE'),('ENEMA'),('CHEWING_GUM'),('NI'),('INHALANT_SOLUTION'),('TOPICAL_SPRAY'),('EXTENDED_RELEASE_SUSPENSION'),('TRANSDERMAL_PATCH'),('VAGINAL_POWDER'),('DRY_POWDER_INHALER'),('CAKE'),('INJECTABLE_SOLUTION'),('TOPICAL_CREAM'),('WAFER'),('CEMENT'),('TOPICAL_SOLUTION'),('INHALANT_POWDER'),('NASAL_INHALANT'),('MUCUS_MEMBRANE_TOPICAL_SOLUTION'),('VAGINAL_SUPPOSITORY'),('ORAL_PASTE'),('NASAL_SPRAY'),('TOOTHPASTE'),('OPHTHALMIC_SOLUTION'),('OPHTHALMIC_CREAM'),('MUCOSAL_SPRAY'),('OTIC_OINTMENT'),('MEDICATED_LIQUID_SOAP'),('TOPICAL_OIL'),('DISK'),('ORAL_FOAM'),('DRUG_IMPLANT'),('RECTAL_SUPPOSITORY'),('BUCCAL_FILM'),('PREFILLED_APPLICATOR'),('ORAL_GEL'),('AUGMENTED_TOPICAL_OINTMENT'),('ORAL_SPRAY'),('PASTE'),('OPHTHALMIC_GEL'),('RECTAL_SPRAY'),('OPHTHALMIC_IRRIGATION_SOLUTION'),('ORAL_POWDER'),('TOPICAL_FOAM'),('RECTAL_POWDER'),('EXTENDED_RELEASE_ENTERIC_COATED_TABLET'),('VAGINAL_CREAM'),('NASAL_OINTMENT'),('SUSTAINED_RELEASE_BUCCAL_TABLET'),('OTIC_SOLUTION'),('CHEWABLE_TABLET'),('ENTERIC_COATED_CAPSULE'),('MEDICATED_TAPE')
;


SELECT 'VS_MEDADMIN_MEDADMIN_ROUTE' as "PROCESSING TABLE:";
INSERT IGNORE INTO `VS_MEDADMIN_MEDADMIN_ROUTE` (`MEDADMIN_ROUTE`)
VALUES ('INTRAESOPHAGEAL'),('INTRATRACHEAL'),('INTRABILIARY'),('INTRAPERITONEAL'),('ILEOSTOMY'),('INTRAMURAL'),('OROPHARYNGEAL'),('OROMUCOSAL'),('INTRASTERNAL'),('INTRADURAL'),('INTERSTITIAL'),('INTRAVENOUS_CENTRAL'),('RETROBULBAR'),('INTRAVENTRICULAR_CARDIAC'),('INTRAOVARIAN'),('INTRASPINAL'),('NASOGASTRIC'),('INTRAPROSTATIC'),('PERIBULBAR'),('GASTROSTOMY'),('ARTERIOVENOUS_FISTULA'),('PERIARTICULAR'),('PERIDURAL'),('INTRAOCULAR'),('INTRAJEJUNAL'),('GASTROENTERAL'),('TOPICAL'),('VAGINAL'),('SUBLESIONAL'),('INTRAVENOUS_PERIPHERAL'),('PERITENDINOUS'),('PERIODONTAL'),('INTRASINAL'),('OTIC'),('PERCUTANEOUS'),('URETERAL'),('UROSTOMY'),('GINGIVAL'),('ENDOTRACHEOPULMONARY'),('INTRALESIONAL'),('INTRAMYOMETRIAL'),('INTRAHEPATIC'),('OT'),('INTRACEREBRAL'),('BUCCAL'),('SUBMUCOSAL'),('PERIOSTEAL'),('INTRALYMPHATIC'),('EPIDURAL'),('INTRA_ARTICULAR'),('TRANSURETHRAL'),('INTRACARDIAC'),('INTRACRANIAL'),('SURGICAL_CAVITY'),('INTRATHORACIC'),('RECTAL'),('INTRAAMNIOTIC'),('INTRAVASCULAR'),('INTRAVESICAL'),('INTRADUODENAL'),('INTRABURSAL'),('ARTERIOVENOUS_GRAFT'),('INTRAGINGIVAL'),('TUMOR_CAVITY'),('ENDOSINUSIAL'),('NI'),('OROGASTRIC'),('TRANSTRACHEAL'),('INTRAVENOUS'),('INTRADISCAL'),('INTRATHECAL'),('ENDOCERVICAL'),('INTRAEPICARDIAL'),('CUTANEOUS'),('NASAL'),('INTRAVITREAL'),('INTRACISTERNAL'),('INTRAMUSCULAR'),('PERINEURAL'),('INTRATUMOR'),('INTRASYNOVIAL'),('LOWER_RESPIRATORY_TRACT'),('PARACERVICAL'),('TRANSMUCOSAL'),('INTRACAVERNOUS'),('INTRAABDOMINAL'),('INTRACORNEAL'),('ENTERAL'),('EXTRA_AMNIOTIC'),('GASTRO_INTESTINAL_STOMA'),('INTRADERMAL'),('TRANSPLACENTAL'),('INTRAOSSEOUS'),('ORAL'),('LARYNGEAL'),('CONJUNCTIVAL'),('SUBLINGUAL'),('TRANSTYMPANIC'),('INTRACORONARY'),('SUBGINGIVAL'),('INTRAMEDULLARY'),('INTRACAMERAL'),('INTRAPERICARDIAL'),('SUBCONJUNCTIVAL'),('INTRATYMPANIC'),('INTRATENDINOUS'),('INTRAPULMONARY'),('INTRABRONCHIAL'),('INTRAGASTRIC'),('INTRAMENINGEAL'),('ESOPHAGOSTOMY'),('TRANSCERVICAL'),('SUBTENDINOUS'),('JEJUNOSTOMY'),('INTRACOLONIC'),('INTRACARTILAGINOUS'),('COLOSTOMY'),('INTRAUTERINE'),('BODY_CAVITY'),('OPHTHALMIC'),('INTRAMAMMARY'),('INTRAEPIDERMAL'),('INTRACORONAL'),('INTRANEURAL'),('INTRACEREBROVENTRICULAR'),('INTRA_ARTERIAL'),('SUBORBITAL'),('INTRATESTICULAR'),('URETHRAL'),('TRANSENDOCARDIAL'),('UN'),('SUBCUTANEOUS'),('RESPIRATORY_TRACT'),('INTRALINGUAL'),('MUCOUS_FISTULA'),('DENTAL'),('INTRAILEAL'),('NASODUODENAL'),('PARAVERTEBRAL'),('INTRAPLEURAL'),('EXTRACORPOREAL'),('INTRADUCTAL'),('TRANSDERMAL'),('DIGESTIVE_TRACT'),('FISTULA'),('INTRACORPUS_CAVERNOSUM'),('SURGICAL_DRAIN'),('CAUDAL'),('INTRALUMINAL'),('PERIURETHRAL'),('NASOJEJUNAL')
;


SELECT 'VS_PROCEDURES_PX_TYPE' as "PROCESSING TABLE:";
INSERT IGNORE INTO `VS_PROCEDURES_PX_TYPE` (`PX_TYPE`)
VALUES ('11'),('10'),('CH'),('LC'),('NI'),('09'),('ND'),('RE'),('UN'),('OT')
;


SELECT 'VS_ENCOUNTER_ENC_TYPE' as "PROCESSING TABLE:";
INSERT IGNORE INTO `VS_ENCOUNTER_ENC_TYPE` (`ENC_TYPE`)
VALUES ('NI'),('EI'),('ED'),('IS'),('AV'),('OA'),('UN'),('IP'),('IC'),('OT'),('OS')
;


SELECT 'VS_HARVEST_BIRTH_DATE_MGMT' as "PROCESSING TABLE:";
INSERT IGNORE INTO `VS_HARVEST_BIRTH_DATE_MGMT` (`BIRTH_DATE_MGMT`)
VALUES ('02'),('03'),('01'),('04'),('NI'),('UN'),('OT')
;


SELECT 'VS_DEMOGRAPHIC_RACE' as "PROCESSING TABLE:";
INSERT IGNORE INTO `VS_DEMOGRAPHIC_RACE` (`RACE`)
VALUES ('02'),('03'),('01'),('06'),('07'),('04'),('05'),('UN'),('OT'),('NI')
;


SELECT 'VS_HARVEST_RESULT_DATE_MGMT' as "PROCESSING TABLE:";
INSERT IGNORE INTO `VS_HARVEST_RESULT_DATE_MGMT` (`RESULT_DATE_MGMT`)
VALUES ('02'),('03'),('01'),('04'),('NI'),('UN'),('OT')
;


SELECT 'VS_HARVEST_PX_DATE_MGMT' as "PROCESSING TABLE:";
INSERT IGNORE INTO `VS_HARVEST_PX_DATE_MGMT` (`PX_DATE_MGMT`)
VALUES ('02'),('03'),('01'),('04'),('NI'),('UN'),('OT')
;


SELECT 'VS_MEDADMIN_MEDADMIN_DOSE_ADMIN_UNIT' as "PROCESSING TABLE:";
INSERT IGNORE INTO `VS_MEDADMIN_MEDADMIN_DOSE_ADMIN_UNIT` (`MEDADMIN_DOSE_ADMIN_UNIT`)
VALUES ('mPa.s'),('lm.m2'),('[IU]/kg'),('ug/(100.g)'),('[IU]/(24.h)'),('mg/{total_output}'),('{Log_IU}'),('[APL\'U]/mL'),('{CAE\'U}'),('osm'),('pg/L'),('mmol/kg'),('{#}/[HPF]'),('10*6/mL'),('{activity}'),('10*12/L'),('um/s'),('cm2'),('ng/dL'),('[tsp_us]'),('dyn.s/(cm.m2)'),('kU/mL'),('nkat'),('10*3/L'),('mU/mmol{creat}'),('s/{control}'),('pkat'),('U{37Cel}/L'),('u[IU]/L'),('mg'),('meq/m2'),('{Rubella_virus}'),('/[arb\'U]'),('mmol/mmol{creat}'),('mg/{specimen}'),('%{recovery}'),('{cells}'),('pmol/min'),('Gy'),('ng/10*6'),('meq/mL'),('mg/(72.h)'),('10*4/uL'),('mg/kg/min'),('{titer}'),('{CH100\'U}'),('umol/mL'),('/mg'),('[beth\'U]'),('/mo'),('/mm'),('A'),('ueq'),('ng/mL{RBCs}'),('U/mL'),('ng{FEU}/mL'),('g/{total_output}'),('g/(48.h)'),('mm[Hg]'),('mL/(2.h)'),('/mL'),('eq/mmol'),('mg/m3'),('mg/m2'),('ug{FEU}/mL'),('daL/min'),('{ARU}'),('/uL'),('meq/g{creat}'),('mg/mL'),('K'),('pmol/dL'),('/m3'),('/m2'),('meq'),('{EIA_titer}'),('Ms'),('[pH]'),('ng/kg'),('g/(4.h)'),('mg/L{RBCs}'),('%{reactive}'),('{Lyme_index_value}'),('Ohm.m'),('{#}/L'),('U/10'),('umol/L/h'),('mmol/{total_vol}'),('kcal'),('K/W'),('[lb_av]'),('nmol/dL{GF}'),('mg/(2.h)'),('g/kg/(8.h){shift}'),('/kg{body_wt}'),('/100{cells}'),('L/(24.h)'),('mmol/L{RBCs}'),('U{25Cel}/L'),('mL/(24.h)'),('mmol/mmol{urea}'),('10*3'),('[MPL\'U]'),('10*8'),('m2'),('10*5'),('10*6'),('L/kg'),('{MPS\'U}'),('{FIU}'),('mA'),('F'),('[mi_i]'),('[degF]'),('ug/g{tissue}'),('mg/d'),('/10*12{RBCs}'),('mV'),('V'),('kg/m3'),('kg/m2'),('g/h/m2'),('10*6.[IU]'),('{ELISA\'U}'),('[tb\'U]'),('ug/dL{RBCs}'),('%{total}'),('mm'),('eq/umol'),('ag/{cell}'),('[mclg\'U]'),('{APS\'U}'),('mol/kg/s'),('/g{wet_tis}'),('erg'),('{Log}'),('ms'),('cal'),('{AHF\'U}'),('mo'),('deg'),('ug/(8.h)'),('umol/min'),('ug/mmol'),('mmol/kg/min'),('%{hemolysis}'),('kU/L{class}'),('mmol/mmol'),('umol/mol{Hb}'),('L/(8.h)'),('nmol/mg{prot}'),('%{abnormal}'),('g/{specimen}'),('{copies}'),('[IU]/kg/d'),('mg/{collection}'),('UN'),('H'),('mosm/kg'),('[CFU]/L'),('nm/s/L'),('{M.o.M}'),('{absorbance}'),('pg/mg'),('ng/10*6{RBCs}'),('kPa'),('meq/h'),('fg'),('N.cm'),('meq/g'),('fm'),('meq/d'),('a'),('mL/{beat}'),('mL/{beat}/m2'),('ug/mg{creat}'),('ng/min'),('pg/mg{creat}'),('meq/L'),('nU/mL'),('10*9/mL'),('fL'),('%{index}'),('/{OIF}'),('nmol/s/L'),('meq/dL'),('g{total_nit}'),('g/mg'),('ng/g{creat}'),('ug/g{creat}'),('{INR}'),('{mutation}'),('[sin_i]'),('g/mL'),('{STDV}'),('%{baseline}'),('/min'),('lm'),('nmol/g{dry_wt}'),('24.h'),('umol/min/L'),('%{loss_AChR}'),('{Ehrlich\'U}/dL'),('U/10*12{RBCs}'),('{IFA_index}'),('L'),('ug/m2'),('mmol/kg/(8.h)'),('meq/{total_volume}'),('cSt'),('ng/mg/h'),('[ft_i]'),('g/m2'),('mL/kg'),('kcal/h'),('mg/g{tissue}'),('kcal/kg/(24.h)'),('A/m'),('{GAA_repeats}'),('kcal/d'),('mmol/kg/d'),('g/dL'),('mmol/kg/h'),('nmol/umol{creat}'),('fmol'),('ng/(8.h)'),('cm[H2O]/L/s'),('10*6/uL'),('[syd_i]'),('g/(3.d)'),('g/cm3'),('mL/(72.h)'),('mm2'),('[bdsk\'U]'),('nmol/mL/h'),('eq'),('/g{Hb}'),('uOhm'),('{spermatozoa}/mL'),('pmol/(24.h)'),('%{excretion}'),('nmol/L{RBCs}'),('mg/kg/d'),('osm/L'),('umol/g{Hb}'),('eV'),('kg/min'),('umol/min/g'),('[IU]'),('ug/mmol{creat}'),('{KCT\'U}'),('mL/dL'),('mg/(6.h)'),('/10*4{RBCs}'),('{Ehrlich\'U}/d'),('{MPS\'U}/mL'),('[knk\'U]'),('[arb\'U]'),('umol/min/g{prot}'),('g'),('atm'),('[psi]'),('%{uptake}'),('mg/(24.h)'),('[dr_av]'),('g/(12.h)'),('U/g{protein}'),('mmol/h/mg{prot}'),('cm2/s'),('{clock_time}'),('eq/L'),('{RBC}/uL'),('g/(8.h){shift}'),('pg/mL'),('g.m/{beat}'),('uL/h'),('%{deficient}'),('{KRONU\'U}/mL'),('mU/mg{creat}'),('[IU]/min'),('mg/wk'),('nmol/h/L'),('Cel'),('ug/mL{class}'),('pg/mm'),('mg/kg/(8.h)'),('L/(min.m2)'),('/g{tot_nit}'),('{#}/mL'),('[IU]/L{37Cel}'),('g/g{creat}'),('nmol{ATP}'),('pmol/d'),('nmol/min/10*6{cells}'),('nmol/min/mL'),('{minidrop}/s'),('u[IU]/mL'),('ng/mL/h'),('nmol/mg{prot}/h'),('mg/mmol'),('ug/g{dry_tissue}'),('[IU]/L'),('umol/mL/min'),('[pt_us]'),('{CAG_repeats}'),('[pptr]'),('nmol/g{creat}'),('k[IU]/L'),('pg/dL'),('pmol/min/mg{prot}'),('[in_i]'),('[IU]/g'),('U/10*10{cells}'),('[CFU]/mL'),('%{activity}'),('{dilution}'),('{s_co_ratio}'),('[IU]/h'),('ug/(24.h)'),('{percentile}'),('ug'),('g/(72.h)'),('[ppb]'),('cm[H2O]'),('[cin_i]'),('mg/{total_volume}'),('/100{spermatozoa}'),('nmol/L'),('kat/kg'),('{GPS\'U}'),('/mmol{creat}'),('umol{BCE}/mol'),('pmol/h/mL'),('%{dose}'),('mmol/(24.h)'),('[ppm]'),('ug/[sft_i]'),('min'),('nU/{RBC}'),('mg/dL{RBCs}'),('umol/L{RBCs}'),('nmol/s'),('[foz_us]'),('mol/mL'),('nmol/d'),('nmol/g'),('/10*3{RBCs}'),('g/L'),('nmol/L/mmol{creat}'),('uV'),('mmol/m2'),('ug/g{feces}'),('/wk'),('mosm'),('mol/m3'),('{#}/[LPF]'),('ug/kg/(8.h)'),('kL'),('%{loss}'),('ug/ng'),('kU'),('kat'),('%{positive}'),('kU/g'),('uU/L'),('J/L'),('mL/(4.h)'),('{EIA_index}'),('kg'),('g/h'),('U/10*9'),('g/d'),('g/g'),('mosm/L'),('m'),('%{basal_activity}'),('km'),('uU/g'),('kU/L'),('umol/mg'),('[IU]/10*9{RBCs}'),('[gal_us]'),('umol'),('g/g{tissue}'),('{ImmuneComplex\'U}'),('mmol/min'),('g/(24.h)'),('ng/L'),('mmol/{ejaculate}'),('mL/(12.h)'),('g/(5.h)'),('%{blockade}'),('%{binding}'),('U/dL'),('mL/mbar'),('g{creat}'),('10*6/L'),('10*3/mL'),('dm'),('nmol/dL'),('[IU]/mg{creat}'),('dg'),('pmol/{RBC}'),('{JDF\'U}/L'),('mmol/{specimen}'),('g/{total_weight}'),('mL/(6.h)'),('%{relative}'),('%{pooled_plasma}'),('/[HPF]'),('{Log_IU}/mL'),('dL'),('bar'),('nmol'),('{EV}'),('ug/g{hair}'),('h'),('{cells}/[HPF]'),('dB'),('ug/L{RBCs}'),('nmol/m/mg{prot}'),('g/kg/(8.h)'),('{shift}'),('10*3{RBCs}'),('{binding_index}'),('umol/umol'),('nmol/mol'),('mg/kg/h'),('nmol/mg/h'),('%{Hb}'),('g/mmol'),('nmol/h/mg{prot}'),('/kg'),('mmol/h/mg{Hb}'),('g/kg/d'),('{Ehrlich\'U}/100.g'),('%{bound}'),('ug/mg'),('g/kg/h'),('{Ehrlich\'U}'),('mU/mg'),('ug/kg'),('mg/dL'),('Pa'),('{mm/dd/yyyy}'),('ug/g{Hb}'),('meq/min'),('pmol/mmol{creat}'),('L/s/s2'),('{#}/min'),('{Pan_Bio\'U}'),('ug/mL'),('[oz_av]'),('[IU]/d'),('U/mmol{creat}'),('cm[H2O]/s/m'),('m3/s'),('U/(12.h)'),('10*9/L'),('U/(24.h)'),('mU/mL'),('[ka\'U]'),('nmol/mg'),('%{breakdown}'),('U/(10.g){feces}'),('[GPL\'U]'),('[IU]/g{Hb}'),('{saturation}'),('mbar/L/s'),('wk'),('ng/mg{prot}'),('/100'),('S'),('mmol/h'),('U/(2.h)'),('pg/{cell}'),('mbar'),('ug/L'),('ug/m3'),('kg/L'),('kg/s'),('%{reference}'),('umol/(2.h)'),('nmol/mL'),('%{inhibition}'),('{EIA\'U}/U'),('%{WBCs}'),('s'),('ug/d'),('ug/g'),('ug/mL{eqv}'),('ug/h'),('kg/h'),('umol/dL'),('mbar.s/L'),('kcal/[oz_av]'),('cm'),('/10*6'),('m/s'),('cg'),('{Log_copies}/mL'),('umol/mmol{creat}'),('pm'),('mol/mol'),('pA'),('meq/(2.h)'),('/10*3'),('pL'),('ps'),('nmol/mmol'),('%{at_60_min}'),('cL'),('mU/g'),('kg/mol'),('umol/kg'),('meq/kg'),('kg.m/s'),('meq/{specimen}'),('cP'),('[drp]'),('nmol/mg{creat}'),('%{lysis}'),('10.L/(min.m2)'),('{Globules}/[HPF]'),('[Ch]'),('mL/h'),('ug/kg/h'),('mL/d'),('k[IU]/mL'),('%{cells}'),('mg/mg'),('N'),('fmol/mg{prot}'),('/g{tot_prot}'),('meq/(8.h)'),('ug/dL'),('{copies}/mL'),('mL/s'),('mmol/(12.h)'),('meq/(24.h)'),('/100{neutrophils}'),('pmol/h/mg{prot}'),('{HA_titer}'),('/dL'),('mmol/mol'),('ng/mL'),('{IFA_titer}'),('/10*12'),('mmol/mol{creat}'),('/10*10'),('mmol/(5.h)'),('mg/h'),('/L'),('/100{WBCs}'),('%{penetration}'),('[CFU]'),('L/min'),('U/10*12'),('mg/g'),('U/10*10'),('mg/d/{1.73_m2}'),('mmol/s/L'),('/U'),('[qt_us]'),('mm/h'),('mL{fetal_RBCs}'),('mg/L'),('/h'),('/g'),('/d'),('{JDF\'U}'),('/a'),('ug/{specimen}'),('[IU]/mL'),('g{Hb}'),('/s'),('mmol/(2.h)'),('umol/kg{feces}'),('g.m'),('[tbs_us]'),('nmol/mmol{creat}'),('pmol/mg{prot}'),('U/g{creat}'),('pmol/umol'),('U/min'),('meq/kg/h'),('ng/mg'),('ng/mg{creat}'),('umol/g{creat}'),('mol/s'),('mg/g{feces}'),('{delta_OD}'),('ueq/mL'),('nmol{BCE}'),('g{wet_tissue}'),('%{normal}'),('{beats}/min'),('{cells}/uL'),('10*6/kg'),('%{blocked}'),('umol/h'),('10*6/(24.h)'),('umol/dL{GF}'),('10*3{copies}/mL'),('/cm[H2O]'),('mol'),('umol/d'),('ug/L/(24.h)'),('umol/g'),('mU/L'),('{minidrop}/min'),('u[IU]'),('mL/kg/(8.h)'),('eq/mL'),('{index_val}'),('/[LPF]'),('umol/L'),('pT'),('[todd\'U]'),('umol/mmol'),('[HPF]'),('ng/m2'),('ng/kg/h'),('Bq'),('U/mL{RBCs}'),('umol/(24.h)'),('mmol/d'),('mg/g{dry_tissue}'),('mg/mg{creat}'),('pmol/L'),('g/(6.h)'),('L/d'),('{fraction}'),('L/h'),('mmol/g'),('/g{creat}'),('L/s'),('[yd_i]'),('T'),('umol/mg{creat}'),('mL/min/{1.73_m2}'),('mg/g{wet_tissue}'),('[APL\'U]'),('{WBCs}'),('Ohm'),('d'),('pmol/g'),('10*3/uL'),('g/min'),('mL/[sin_i]'),('[IU]/dL'),('mg/kg'),('g/kg/min'),('mg/mmol{creat}'),('OT'),('%{saturation}'),('ng/kg/(8.h)'),('mL/(5.h)'),('mmol/g{creat}'),('{EIA\'U}'),('g/kg'),('mL/min/m2'),('{TSI_index}'),('mg/min'),('L/L'),('%{bacteria}'),('mL/min'),('osm/kg'),('Hz'),('mol/L'),('mL/kg/h'),('deg/s'),('mL/kg/d'),('umol/(8.h)'),('{phenotype}'),('nmol/min/mg{prot}'),('m[IU]/L'),('daL/min/m2'),('umol/umol{creat}'),('N.s'),('mL/(8.h)/kg'),('t'),('mU/g{Hb}'),('uL/(2.h)'),('Wb'),('%{vol}'),('{genomes}/mL'),('mL/cm[H2O]'),('nmol/nmol'),('nmol/(24.h)'),('mmol'),('%{RBCs}'),('pg/{RBC}'),('[MPL\'U]/mL'),('nmol/mL/min'),('{CPM}/10*3{cell}'),('g/g{globulin}'),('mmol/(8.h)'),('[ppth]'),('U'),('m2/s'),('fmol/mL'),('g/mol{creat}'),('{Ehrlich\'U}/(2.h)'),('U/d'),('/(12.h)'),('kg/(s.m2)'),('Torr'),('umol/mol'),('mol/kg'),('NI'),('{count}'),('cm[Hg]'),('{CPM}'),('nmol{BCE}/L'),('fmol/mg'),('ukat'),('g/(100.g)'),('%{aggregation}'),('mm/min'),('uU/mL'),('[AU]'),('mg/(8.h)'),('pmol/mL'),('pg'),('%{viable}'),('kat/L'),('nmol/min'),('{#}'),('J'),('{ratio}'),('ng/s'),('uL'),('ng/h'),('ng/d'),('ng/g'),('mL/(8.h)'),('{copies}/ug'),('dm2/s2'),('U/g{Hb}'),('ug/g{dry_wt}'),('ng/U'),('us'),('um'),('mL/kg/min'),('mU/mmol{RBCs}'),('U/10*6'),('10.uN.s/(cm5.m2)'),('mU/g{prot}'),('mg{FEU}/L'),('fmol/mg{cyt_prot}'),('mmol/(6.h)'),('pmol/umol{creat}'),('nL'),('[sft_i]'),('umol/min/g{mucosa}'),('/10*9'),('{#}/{platelet}'),('mm[H2O]'),('{#}/uL'),('/[IU]'),('dyn.s/cm'),('mmol/L'),('{OD_unit}'),('pmol'),('ks'),('mL/m2'),('nmol/min/mg{Hb}'),('%'),('nm'),('umol/mol{creat}'),('mPa'),('ug/min'),('mg/g{creat}'),('ng'),('g{total_prot}'),('mL/(10.h)'),('U/kg{Hb}'),('/{entity}'),('mL'),('[in_i\'H2O]'),('{rel_saturation}'),('mU/mL/min'),('ns'),('%{residual}'),('10*6.[CFU]/L'),('U/s'),('m[IU]/mL'),('ug/kg/d'),('[GPL\'U]/mL'),('mg/(10.h)'),('fmol/L'),('Sv'),('{ISR}'),('10*9/uL'),('U/g'),('ug/kg/min'),('m/s2'),('10.L/min'),('ng/kg/min'),('U/h'),('mmol/dL'),('ueq/L'),('ng/(24.h)'),('[LPF]'),('fmol/g'),('[oz_tr]'),('[ppm]{v/v}'),('[IU]/(2.h)'),('[arb\'U]/mL'),('mL/mm'),('mg/(12.h)'),('U/L')
;


SELECT 'VS_HARVEST_DATAMART_PLATFORM' as "PROCESSING TABLE:";
INSERT IGNORE INTO `VS_HARVEST_DATAMART_PLATFORM` (`DATAMART_PLATFORM`)
VALUES ('02'),('03'),('01'),('04'),('NI'),('05'),('UN'),('OT')
;


SELECT 'VS_PRESCRIBING_RX_FREQUENCY' as "PROCESSING TABLE:";
INSERT IGNORE INTO `VS_PRESCRIBING_RX_FREQUENCY` (`RX_FREQUENCY`)
VALUES ('02'),('03'),('01'),('06'),('07'),('04'),('05'),('08'),('UN'),('11'),('OT'),('NI'),('10')
;


SELECT 'VS_OBSCLIN_OBSCLIN_RESULT_QUAL' as "PROCESSING TABLE:";
INSERT IGNORE INTO `VS_OBSCLIN_OBSCLIN_RESULT_QUAL` (`OBSCLIN_RESULT_QUAL`)
VALUES ('UNDETERMINED'),('NI'),('BORDERLINE'),('NORMAL'),('POSITIVE'),('ABNORMAL'),('NEGATIVE'),('ELEVATED'),('HIGH'),('UN'),('LOW'),('OT')
;


SELECT 'VS_PRESCRIBING_RX_PRN_FLAG' as "PROCESSING TABLE:";
INSERT IGNORE INTO `VS_PRESCRIBING_RX_PRN_FLAG` (`RX_PRN_FLAG`)
VALUES ('Y'),('N')
;


SELECT 'VS_ENCOUNTER_ADMITTING_SOURCE' as "PROCESSING TABLE:";
INSERT IGNORE INTO `VS_ENCOUNTER_ADMITTING_SOURCE` (`ADMITTING_SOURCE`)
VALUES ('NH'),('NI'),('IP'),('AF'),('HS'),('ED'),('RS'),('AL'),('IH'),('HH'),('UN'),('HO'),('AV'),('OT'),('RH'),('SN')
;


SELECT 'VS_DIAGNOSIS_DX_TYPE' as "PROCESSING TABLE:";
INSERT IGNORE INTO `VS_DIAGNOSIS_DX_TYPE` (`DX_TYPE`)
VALUES ('11'),('10'),('NI'),('09'),('UN'),('SM'),('OT')
;


SELECT 'VS_DEATH_DEATH_MATCH_CONFIDENCE' as "PROCESSING TABLE:";
INSERT IGNORE INTO `VS_DEATH_DEATH_MATCH_CONFIDENCE` (`DEATH_MATCH_CONFIDENCE`)
VALUES ('NI'),('E'),('F'),('P'),('UN'),('OT')
;


SELECT 'VS_LABRESULTCM_RESULT_LOC' as "PROCESSING TABLE:";
INSERT IGNORE INTO `VS_LABRESULTCM_RESULT_LOC` (`RESULT_LOC`)
VALUES ('P'),('OT'),('UN'),('L'),('NI')
;


SELECT 'VS_DEMOGRAPHIC_BIOBANK_FLAG' as "PROCESSING TABLE:";
INSERT IGNORE INTO `VS_DEMOGRAPHIC_BIOBANK_FLAG` (`BIOBANK_FLAG`)
VALUES ('Y'),('N')
;


SELECT 'VS_LABRESULTCM_SPECIMEN_SOURCE' as "PROCESSING TABLE:";
INSERT IGNORE INTO `VS_LABRESULTCM_SPECIMEN_SOURCE` (`SPECIMEN_SOURCE`)
VALUES ('PERITONEUM'),('PERICARD_FLD.SPUN'),('TISS^FETUS'),('NASAL_FLUID'),('DEEP_TISSUE.FNA'),('PLATELETS'),('BLD^FETUS'),('ENVIRONMENTAL_SPECIMEN'),('LUNG.FNA'),('RETIC'),('VAG'),('^FATHER'),('DUOD_FLD'),('PERITON_FLD.SPUN'),('SER+CSF'),('TUMOR'),('NPH'),('SPUTUM'),('GAST_FLD'),('WATER'),('MUSCLE'),('BLD^BPU'),('SER_BLD'),('BONE_MAR'),('{SETTING}'),('IMPLANT_DEVICE'),('SPUTUM_GAST_FLD'),('FLU.NONBIOLOGICAL'),('TISSUE_CHIP'),('SER+BLD'),('B_CELLS+MONOCYTES'),('EGGYLK'),('AMNIO_FLD_CELLS'),('BLD'),('BLD.DOT'),('BLDC+INHL_GAS'),('EAR_FLUID'),('CTP'),('FIBROBLASTS^CONTROL'),('SER_PLAS_BLD'),('HAIR'),('TISSUE'),('WBC^CONTROL'),('TESTIS'),('CVX'),('HEART.ATRIUM.LEFT'),('WBC.DNA+PLAS.CFDNA'),('GENITAL_FLD'),('SUBMANDIBULAR.FNA'),('ENVIR'),('CORONARY_SINUS'),('BLD.POS_GROWTH'),('UNK_SUB'),('STOOL'),('BLD^PATIENT'),('AIR'),('BREAST.FNA'),('SEMIN_PLAS'),('NBS_CARD'),('GI_CNT'),('CURRENT_SAMPLE'),('INGESTA'),('PUS'),('^MOTHER'),('SER_PLAS^FETUS'),('REFERENCE_LAB_TEST'),('^BPU.AUTOLOGOUS'),('BAL'),('BODY_FLD^FETUS'),('UN'),('NOSE'),('ENDOMET'),('PLAS^DONOR'),('PPP_BLD'),('STUDY'),('TSMI'),('LITTER'),('SER_PLAS'),('FEATHER'),('INHL_GAS'),('SKIN_MELANOMA'),('STOMACH'),('ANORECTAL_ISOLATE'),('COLORECTAL_CANCER_SPECIMEN'),('TLGI_TSMI'),('PULMONARY_ARTERY.RIGHT'),('RESPIRATORY.UPPER'),('VITR_FLD.SPUN'),('XXX.TISSUE'),('NIPPLE_DISCHARGE'),('SPTC'),('HEART.VENTRICLE.RIGHT.OUTFLOW_TRACT'),('LINE'),('EGG'),('SPTT'),('VP_SHUNT'),('PLASA'),('INITIAL_SAMPLE'),('HEART.ATRIUM.RIGHT'),('PRP'),('PLASV'),('GENITAL_LOC'),('EYE'),('TPN'),('PLAS_RBC'),('EXUDATE'),('ISOLATE'),('HYPERAL_SOLUTION'),('CVX_VAG'),('DIAL_FLD+SER_PLAS'),('INTRATHECAL_SPACE'),('PLACENT'),('BLDCOV'),('BARTHOLIN_CYST'),('PPP^FETUS'),('CANCER_SPECIMEN'),('PENIS'),('BLDV+INHL_GAS'),('RBC^CONTROL'),('BLDCOA'),('ABSCESS'),('VOMITUS'),('SER_PLAS^BPU'),('SPUTUM_BRONCHIAL'),('ABDOMEN.FNA'),('CSF.SPUN'),('INDEX_CASE^COMPARISON_CASE'),('BREAST.DUCTAL_LAVAGE'),('TISS_FIXED'),('URINE_SED'),('BURSA_OF_FABRICIUS'),('BRONCHIAL'),('SPERMATOZOA'),('ISOLATE.MENINGITIS'),('CHEESE'),('WOUND.SHLW'),('CSF'),('XXX.SWAB'),('GENITAL_MUC'),('LUNG'),('EXHL_GAS'),('BLD^CONTROL'),('SER_PLAS+STOOL'),('DIAL_FLD_PRT'),('PLR_FLD'),('SPIRAL_COLON'),('SOFT_TISSUE.FNA'),('URINARY_BLADDER'),('SER^CONTROL'),('CELLS.XXX'),('^EGG_DONOR'),('ASP'),('RESPIRATORY.LOWER'),('SER'),('LIVER^FETUS'),('URINE'),('BRAIN'),('PLAS_BLD'),('PRP^CONTROL'),('BBL'),('FIBROBLASTS'),('PERITON_FLD+SER_PLAS'),('BRONCHIAL_BRUSH'),('SALIVA'),('^TICK'),('RBC^FETUS'),('^CANCER'),('HEART.VENTRICLE.LEFT'),('STOOL.WET'),('PULMONARY_WEDGE'),('BREAST_CANCER_SPECIMEN'),('TEAR'),('ISOLATE.UTI'),('POC'),('PLR_FLD^FETUS'),('MLK.RAW'),('BONE_MARROW'),('DENTIN'),('SKIN'),('SMALL_INTES_FIXED'),('OVARY'),('RBC'),('MILK'),('TRACHEAL_SWAB'),('ADRENAL_GLAND'),('URINE+SER_PLAS'),('DUCTUS_ARTERIOSUS'),('OCULAR_FLD'),('^FETUS'),('PROSTATE_TUMOR'),('THRT'),('SINUS'),('DRAIN'),('FACILITY'),('NAIL'),('PREPUTIAL_WASH'),('BLD+INHL_GAS'),('BLD_TISS^DONOR'),('ULC'),('ANAL'),('PULMONARY_ARTERY.MAIN'),('BLD^NEWBORN'),('SER+PLAS'),('MMLK'),('CRN'),('HEART.ATRIUM.RIGHT.HIGH'),('LUNG_TISS'),('BREAST_TUMOR'),('PLR_FLD.SPUN'),('PPP^POOL'),('SEMEN'),('MESORECTUM'),('PLEURA'),('FOOD'),('^POPULATION'),('ENDOCERVICAL_BRUSH'),('BLDA+INHL_GAS'),('XXX^DONOR'),('BLDCRRT'),('PROVIDER'),('ISOLATE+SER'),('URINE^FETUS'),('ANOGENITAL'),('CNJT'),('CONTACT_LENS'),('BLD_URINE'),('COL'),('LYMPH_NODE.FNA'),('URETHRA'),('TROPHOBLASTS'),('SER_PLAS.ULTRACENTRIFUGATE'),('BLDC'),('TISS_FAT'),('SYNV_FLD.SPUN'),('NECK_MASS.FNA'),('PROSTATE.FNA'),('BLDP'),('BLDV'),('SER+RBC^CONTROL'),('TRAC'),('SER_PLAS^NORMAL_CONTROL'),('BLDCO'),('SMPLS'),('BLD^FATHER'),('TISS'),('BLD_TISS_SAL'),('GENITAL'),('ENDOMYOCARDIUM'),('WBC'),('FEED'),('RBC^BPU'),('REPOSITORY'),('SPECIMEN'),('CVS'),('DOSE'),('CVM'),('SEMEN+CVM'),('VITR_FLD'),('PANCREAS'),('XXX'),('GAS'),('XXX_MC'),('BLD_TISS'),('^GUARDIAN_OR_LEGALLY_AUTHORIZED_REPRESENTATIVE'),('PPP'),('DIAL_FLD.SPUN'),('SER_PLAS+PLR_FLD'),('PLAS.CFDNA'),('BIL_FLD'),('TISS^CONTROL'),('HEART.ATRIUM.RIGHT.LOW'),('PROSTATE'),('^BPU.PLATELET_PHERESIS'),('DIAL_FLD'),('PLANT'),('SER_PLAS+CSF'),('SER^DONOR'),('TISSUE_CORE'),('^EMBRYO'),('PRP^DONOR'),('VENA_CAVA.INFERIOR'),('RH_IMMUNE_GLOBULIN'),('THYROID'),('PROSTATE_CANCER.XXX'),('PERICARD_FLD'),('VAG+RECTUM'),('BUCCAL'),('DIAL_FLD_PRT+SER_PLAS'),('AORTA.ROOT'),('BUCCAL_SMEAR'),('PROSTATIC_FLD'),('WOUND.DEEP'),('BLDC^FETUS'),('PELVIS.FNA'),('RBC^PATIENT'),('BODY_FLD.SPUN'),('UTERUS'),('PPP^CONTROL'),('BONE^DONOR'),('WOUND'),('VENA_CAVA.SUPERIOR'),('RECTUM'),('PANCREAS.FNA'),('PAROTID.FNA'),('BLD^DONOR'),('WHEY'),('PULMONARY_ARTERY.LEFT'),('LIVER'),('OT'),('STOOL.DRIED'),('BURN'),('RBCCO'),('REPORT'),('CERVIX'),('HEART.VENTRICLE.RIGHT'),('SER_PLAS^DONOR'),('COLON'),('BLD_MC'),('ESOPHAGEAL_BRUSH'),('PLAS+CSF'),('BLDCOMV'),('ANORECTAL'),('HEART.ATRIUM.RIGHT.MID'),('BLDMV'),('HEMATOPOIETIC_PROGENITOR_CELLS^BPU'),('DUOD_FLD_GAST_FLD'),('BODY_FLD+SER_PLAS'),('^PLANT_SPECIMEN'),('^MUSHROOM_SPECIMEN'),('LYMPH_NODE'),('TISS.FNA'),('BLD_BONE_MAR^DONOR'),('BREAST'),('SALIVARY_GLAND.FNA'),('SER_PLAS+SYNV_FLD'),('INTRAVASCULAR_SPACE.XXX'),('EXTRACELLULAR_FLD'),('^BPU'),('GLUCOSE_METER_DEVICE'),('ISOLATE.PNEUMONIA'),('NI'),('^STEM_CELL_PRODUCT'),('SER_PLAS_URINE'),('BLD_BONE_MAR'),('KIDNEY.FNA'),('PLAS+URINE'),('SUPERFICIAL_TISSUE.FNA'),('LYMPHOBLASTS'),('ANORECTAL_STOOL'),('BLDMV+INHL_GAS'),('RBC^DONOR'),('SER+SALIVA'),('KIDNEY'),('NOSE_TRAC'),('PHARYNX'),('SPLEEN'),('PERICARD_FLD+SER_PLAS'),('AMNIO_FLD_CVS'),('BONE'),('CALCULUS'),('STOMACH_CANCER'),('RESPIRATORY'),('DAIRY_PRODUCT'),('BODY_FLD'),('LIVER.FNA'),('PERITON_FLD'),('XXX.BODY_FLUID'),('EAR'),('BLDA'),('PLAS'),('THYROID.FNA'),('MECONIUM'),('SWEAT'),('^PATIENT'),('CNL'),('SER_PLAS_BLDV'),('SYNV_FLD'),('BLD.BUFFY_COAT'),('MOUTH'),('AMNIO_FLD')
;


SELECT 'VS_HARVEST_DATAMART_CLAIMS' as "PROCESSING TABLE:";
INSERT IGNORE INTO `VS_HARVEST_DATAMART_CLAIMS` (`DATAMART_CLAIMS`)
VALUES ('02'),('NI'),('01'),('OT'),('UN')
;


SELECT 'VS_VITAL_SMOKING' as "PROCESSING TABLE:";
INSERT IGNORE INTO `VS_VITAL_SMOKING` (`SMOKING`)
VALUES ('02'),('03'),('01'),('06'),('07'),('04'),('05'),('08'),('UN'),('OT'),('NI')
;


SELECT 'VS_PROCEDURES_PPX' as "PROCESSING TABLE:";
INSERT IGNORE INTO `VS_PROCEDURES_PPX` (`PPX`)
VALUES ('P'),('S'),('UN'),('OT'),('NI')
;


SELECT 'VS_HARVEST_OBSCLIN_DATE_MGMT' as "PROCESSING TABLE:";
INSERT IGNORE INTO `VS_HARVEST_OBSCLIN_DATE_MGMT` (`OBSCLIN_DATE_MGMT`)
VALUES ('02'),('03'),('01'),('04'),('NI'),('UN'),('OT')
;


SELECT 'VS_DIAGNOSIS_DX_SOURCE' as "PROCESSING TABLE:";
INSERT IGNORE INTO `VS_DIAGNOSIS_DX_SOURCE` (`DX_SOURCE`)
VALUES ('NI'),('AD'),('DI'),('UN'),('IN'),('FI'),('OT')
;


SELECT 'VS_PRESCRIBING_RX_DOSE_ORDERED_UNIT' as "PROCESSING TABLE:";
INSERT IGNORE INTO `VS_PRESCRIBING_RX_DOSE_ORDERED_UNIT` (`RX_DOSE_ORDERED_UNIT`)
VALUES ('mPa.s'),('lm.m2'),('[IU]/kg'),('ug/(100.g)'),('[IU]/(24.h)'),('mg/{total_output}'),('{Log_IU}'),('[APL\'U]/mL'),('{CAE\'U}'),('osm'),('pg/L'),('mmol/kg'),('{#}/[HPF]'),('10*6/mL'),('{activity}'),('10*12/L'),('um/s'),('cm2'),('ng/dL'),('[tsp_us]'),('dyn.s/(cm.m2)'),('kU/mL'),('nkat'),('10*3/L'),('mU/mmol{creat}'),('s/{control}'),('pkat'),('U{37Cel}/L'),('u[IU]/L'),('mg'),('meq/m2'),('{Rubella_virus}'),('/[arb\'U]'),('mmol/mmol{creat}'),('mg/{specimen}'),('%{recovery}'),('{cells}'),('pmol/min'),('Gy'),('ng/10*6'),('meq/mL'),('mg/(72.h)'),('10*4/uL'),('mg/kg/min'),('{titer}'),('{CH100\'U}'),('umol/mL'),('/mg'),('[beth\'U]'),('/mo'),('/mm'),('A'),('ueq'),('ng/mL{RBCs}'),('U/mL'),('ng{FEU}/mL'),('g/{total_output}'),('g/(48.h)'),('mm[Hg]'),('mL/(2.h)'),('/mL'),('eq/mmol'),('mg/m3'),('mg/m2'),('ug{FEU}/mL'),('daL/min'),('{ARU}'),('/uL'),('meq/g{creat}'),('mg/mL'),('K'),('pmol/dL'),('/m3'),('/m2'),('meq'),('{EIA_titer}'),('Ms'),('[pH]'),('ng/kg'),('g/(4.h)'),('mg/L{RBCs}'),('%{reactive}'),('{Lyme_index_value}'),('Ohm.m'),('{#}/L'),('U/10'),('umol/L/h'),('mmol/{total_vol}'),('kcal'),('K/W'),('[lb_av]'),('nmol/dL{GF}'),('mg/(2.h)'),('g/kg/(8.h){shift}'),('/kg{body_wt}'),('/100{cells}'),('L/(24.h)'),('mmol/L{RBCs}'),('U{25Cel}/L'),('mL/(24.h)'),('mmol/mmol{urea}'),('10*3'),('[MPL\'U]'),('10*8'),('m2'),('10*5'),('10*6'),('L/kg'),('{MPS\'U}'),('{FIU}'),('mA'),('F'),('[mi_i]'),('[degF]'),('ug/g{tissue}'),('mg/d'),('/10*12{RBCs}'),('mV'),('V'),('kg/m3'),('kg/m2'),('g/h/m2'),('10*6.[IU]'),('{ELISA\'U}'),('[tb\'U]'),('ug/dL{RBCs}'),('%{total}'),('mm'),('eq/umol'),('ag/{cell}'),('[mclg\'U]'),('{APS\'U}'),('mol/kg/s'),('/g{wet_tis}'),('erg'),('{Log}'),('ms'),('cal'),('{AHF\'U}'),('mo'),('deg'),('ug/(8.h)'),('umol/min'),('ug/mmol'),('mmol/kg/min'),('%{hemolysis}'),('kU/L{class}'),('mmol/mmol'),('umol/mol{Hb}'),('L/(8.h)'),('nmol/mg{prot}'),('%{abnormal}'),('g/{specimen}'),('{copies}'),('[IU]/kg/d'),('mg/{collection}'),('UN'),('H'),('mosm/kg'),('[CFU]/L'),('nm/s/L'),('{M.o.M}'),('{absorbance}'),('pg/mg'),('ng/10*6{RBCs}'),('kPa'),('meq/h'),('fg'),('N.cm'),('meq/g'),('fm'),('meq/d'),('a'),('mL/{beat}'),('mL/{beat}/m2'),('ug/mg{creat}'),('ng/min'),('pg/mg{creat}'),('meq/L'),('nU/mL'),('10*9/mL'),('fL'),('%{index}'),('/{OIF}'),('nmol/s/L'),('meq/dL'),('g{total_nit}'),('g/mg'),('ng/g{creat}'),('ug/g{creat}'),('{INR}'),('{mutation}'),('[sin_i]'),('g/mL'),('{STDV}'),('%{baseline}'),('/min'),('lm'),('nmol/g{dry_wt}'),('24.h'),('umol/min/L'),('%{loss_AChR}'),('{Ehrlich\'U}/dL'),('U/10*12{RBCs}'),('{IFA_index}'),('L'),('ug/m2'),('mmol/kg/(8.h)'),('meq/{total_volume}'),('cSt'),('ng/mg/h'),('[ft_i]'),('g/m2'),('mL/kg'),('kcal/h'),('mg/g{tissue}'),('kcal/kg/(24.h)'),('A/m'),('{GAA_repeats}'),('kcal/d'),('mmol/kg/d'),('g/dL'),('mmol/kg/h'),('nmol/umol{creat}'),('fmol'),('ng/(8.h)'),('cm[H2O]/L/s'),('10*6/uL'),('[syd_i]'),('g/(3.d)'),('g/cm3'),('mL/(72.h)'),('mm2'),('[bdsk\'U]'),('nmol/mL/h'),('eq'),('/g{Hb}'),('uOhm'),('{spermatozoa}/mL'),('pmol/(24.h)'),('%{excretion}'),('nmol/L{RBCs}'),('mg/kg/d'),('osm/L'),('umol/g{Hb}'),('eV'),('kg/min'),('umol/min/g'),('[IU]'),('ug/mmol{creat}'),('{KCT\'U}'),('mL/dL'),('mg/(6.h)'),('/10*4{RBCs}'),('{Ehrlich\'U}/d'),('{MPS\'U}/mL'),('[knk\'U]'),('[arb\'U]'),('umol/min/g{prot}'),('g'),('atm'),('[psi]'),('%{uptake}'),('mg/(24.h)'),('[dr_av]'),('g/(12.h)'),('U/g{protein}'),('mmol/h/mg{prot}'),('cm2/s'),('{clock_time}'),('eq/L'),('{RBC}/uL'),('g/(8.h){shift}'),('pg/mL'),('g.m/{beat}'),('uL/h'),('%{deficient}'),('{KRONU\'U}/mL'),('mU/mg{creat}'),('[IU]/min'),('mg/wk'),('nmol/h/L'),('Cel'),('ug/mL{class}'),('pg/mm'),('mg/kg/(8.h)'),('L/(min.m2)'),('/g{tot_nit}'),('{#}/mL'),('[IU]/L{37Cel}'),('g/g{creat}'),('nmol{ATP}'),('pmol/d'),('nmol/min/10*6{cells}'),('nmol/min/mL'),('{minidrop}/s'),('u[IU]/mL'),('ng/mL/h'),('nmol/mg{prot}/h'),('mg/mmol'),('ug/g{dry_tissue}'),('[IU]/L'),('umol/mL/min'),('[pt_us]'),('{CAG_repeats}'),('[pptr]'),('nmol/g{creat}'),('k[IU]/L'),('pg/dL'),('pmol/min/mg{prot}'),('[in_i]'),('[IU]/g'),('U/10*10{cells}'),('[CFU]/mL'),('%{activity}'),('{dilution}'),('{s_co_ratio}'),('[IU]/h'),('ug/(24.h)'),('{percentile}'),('ug'),('g/(72.h)'),('[ppb]'),('cm[H2O]'),('[cin_i]'),('mg/{total_volume}'),('/100{spermatozoa}'),('nmol/L'),('kat/kg'),('{GPS\'U}'),('/mmol{creat}'),('umol{BCE}/mol'),('pmol/h/mL'),('%{dose}'),('mmol/(24.h)'),('[ppm]'),('ug/[sft_i]'),('min'),('nU/{RBC}'),('mg/dL{RBCs}'),('umol/L{RBCs}'),('nmol/s'),('[foz_us]'),('mol/mL'),('nmol/d'),('nmol/g'),('/10*3{RBCs}'),('g/L'),('nmol/L/mmol{creat}'),('uV'),('mmol/m2'),('ug/g{feces}'),('/wk'),('mosm'),('mol/m3'),('{#}/[LPF]'),('ug/kg/(8.h)'),('kL'),('%{loss}'),('ug/ng'),('kU'),('kat'),('%{positive}'),('kU/g'),('uU/L'),('J/L'),('mL/(4.h)'),('{EIA_index}'),('kg'),('g/h'),('U/10*9'),('g/d'),('g/g'),('mosm/L'),('m'),('%{basal_activity}'),('km'),('uU/g'),('kU/L'),('umol/mg'),('[IU]/10*9{RBCs}'),('[gal_us]'),('umol'),('g/g{tissue}'),('{ImmuneComplex\'U}'),('mmol/min'),('g/(24.h)'),('ng/L'),('mmol/{ejaculate}'),('mL/(12.h)'),('g/(5.h)'),('%{blockade}'),('%{binding}'),('U/dL'),('mL/mbar'),('g{creat}'),('10*6/L'),('10*3/mL'),('dm'),('nmol/dL'),('[IU]/mg{creat}'),('dg'),('pmol/{RBC}'),('{JDF\'U}/L'),('mmol/{specimen}'),('g/{total_weight}'),('mL/(6.h)'),('%{relative}'),('%{pooled_plasma}'),('/[HPF]'),('{Log_IU}/mL'),('dL'),('bar'),('nmol'),('{EV}'),('ug/g{hair}'),('h'),('{cells}/[HPF]'),('dB'),('ug/L{RBCs}'),('nmol/m/mg{prot}'),('g/kg/(8.h)'),('{shift}'),('10*3{RBCs}'),('{binding_index}'),('umol/umol'),('nmol/mol'),('mg/kg/h'),('nmol/mg/h'),('%{Hb}'),('g/mmol'),('nmol/h/mg{prot}'),('/kg'),('mmol/h/mg{Hb}'),('g/kg/d'),('{Ehrlich\'U}/100.g'),('%{bound}'),('ug/mg'),('g/kg/h'),('{Ehrlich\'U}'),('mU/mg'),('ug/kg'),('mg/dL'),('Pa'),('{mm/dd/yyyy}'),('ug/g{Hb}'),('meq/min'),('pmol/mmol{creat}'),('L/s/s2'),('{#}/min'),('{Pan_Bio\'U}'),('ug/mL'),('[oz_av]'),('[IU]/d'),('U/mmol{creat}'),('cm[H2O]/s/m'),('m3/s'),('U/(12.h)'),('10*9/L'),('U/(24.h)'),('mU/mL'),('[ka\'U]'),('nmol/mg'),('%{breakdown}'),('U/(10.g){feces}'),('[GPL\'U]'),('[IU]/g{Hb}'),('{saturation}'),('mbar/L/s'),('wk'),('ng/mg{prot}'),('/100'),('S'),('mmol/h'),('U/(2.h)'),('pg/{cell}'),('mbar'),('ug/L'),('ug/m3'),('kg/L'),('kg/s'),('%{reference}'),('umol/(2.h)'),('nmol/mL'),('%{inhibition}'),('{EIA\'U}/U'),('%{WBCs}'),('s'),('ug/d'),('ug/g'),('ug/mL{eqv}'),('ug/h'),('kg/h'),('umol/dL'),('mbar.s/L'),('kcal/[oz_av]'),('cm'),('/10*6'),('m/s'),('cg'),('{Log_copies}/mL'),('umol/mmol{creat}'),('pm'),('mol/mol'),('pA'),('meq/(2.h)'),('/10*3'),('pL'),('ps'),('nmol/mmol'),('%{at_60_min}'),('cL'),('mU/g'),('kg/mol'),('umol/kg'),('meq/kg'),('kg.m/s'),('meq/{specimen}'),('cP'),('[drp]'),('nmol/mg{creat}'),('%{lysis}'),('10.L/(min.m2)'),('{Globules}/[HPF]'),('[Ch]'),('mL/h'),('ug/kg/h'),('mL/d'),('k[IU]/mL'),('%{cells}'),('mg/mg'),('N'),('fmol/mg{prot}'),('/g{tot_prot}'),('meq/(8.h)'),('ug/dL'),('{copies}/mL'),('mL/s'),('mmol/(12.h)'),('meq/(24.h)'),('/100{neutrophils}'),('pmol/h/mg{prot}'),('{HA_titer}'),('/dL'),('mmol/mol'),('ng/mL'),('{IFA_titer}'),('/10*12'),('mmol/mol{creat}'),('/10*10'),('mmol/(5.h)'),('mg/h'),('/L'),('/100{WBCs}'),('%{penetration}'),('[CFU]'),('L/min'),('U/10*12'),('mg/g'),('U/10*10'),('mg/d/{1.73_m2}'),('mmol/s/L'),('/U'),('[qt_us]'),('mm/h'),('mL{fetal_RBCs}'),('mg/L'),('/h'),('/g'),('/d'),('{JDF\'U}'),('/a'),('ug/{specimen}'),('[IU]/mL'),('g{Hb}'),('/s'),('mmol/(2.h)'),('umol/kg{feces}'),('g.m'),('[tbs_us]'),('nmol/mmol{creat}'),('pmol/mg{prot}'),('U/g{creat}'),('pmol/umol'),('U/min'),('meq/kg/h'),('ng/mg'),('ng/mg{creat}'),('umol/g{creat}'),('mol/s'),('mg/g{feces}'),('{delta_OD}'),('ueq/mL'),('nmol{BCE}'),('g{wet_tissue}'),('%{normal}'),('{beats}/min'),('{cells}/uL'),('10*6/kg'),('%{blocked}'),('umol/h'),('10*6/(24.h)'),('umol/dL{GF}'),('10*3{copies}/mL'),('/cm[H2O]'),('mol'),('umol/d'),('ug/L/(24.h)'),('umol/g'),('mU/L'),('{minidrop}/min'),('u[IU]'),('mL/kg/(8.h)'),('eq/mL'),('{index_val}'),('/[LPF]'),('umol/L'),('pT'),('[todd\'U]'),('umol/mmol'),('[HPF]'),('ng/m2'),('ng/kg/h'),('Bq'),('U/mL{RBCs}'),('umol/(24.h)'),('mmol/d'),('mg/g{dry_tissue}'),('mg/mg{creat}'),('pmol/L'),('g/(6.h)'),('L/d'),('{fraction}'),('L/h'),('mmol/g'),('/g{creat}'),('L/s'),('[yd_i]'),('T'),('umol/mg{creat}'),('mL/min/{1.73_m2}'),('mg/g{wet_tissue}'),('[APL\'U]'),('{WBCs}'),('Ohm'),('d'),('pmol/g'),('10*3/uL'),('g/min'),('mL/[sin_i]'),('[IU]/dL'),('mg/kg'),('g/kg/min'),('mg/mmol{creat}'),('OT'),('%{saturation}'),('ng/kg/(8.h)'),('mL/(5.h)'),('mmol/g{creat}'),('{EIA\'U}'),('g/kg'),('mL/min/m2'),('{TSI_index}'),('mg/min'),('L/L'),('%{bacteria}'),('mL/min'),('osm/kg'),('Hz'),('mol/L'),('mL/kg/h'),('deg/s'),('mL/kg/d'),('umol/(8.h)'),('{phenotype}'),('nmol/min/mg{prot}'),('m[IU]/L'),('daL/min/m2'),('umol/umol{creat}'),('N.s'),('mL/(8.h)/kg'),('t'),('mU/g{Hb}'),('uL/(2.h)'),('Wb'),('%{vol}'),('{genomes}/mL'),('mL/cm[H2O]'),('nmol/nmol'),('nmol/(24.h)'),('mmol'),('%{RBCs}'),('pg/{RBC}'),('[MPL\'U]/mL'),('nmol/mL/min'),('{CPM}/10*3{cell}'),('g/g{globulin}'),('mmol/(8.h)'),('[ppth]'),('U'),('m2/s'),('fmol/mL'),('g/mol{creat}'),('{Ehrlich\'U}/(2.h)'),('U/d'),('/(12.h)'),('kg/(s.m2)'),('Torr'),('umol/mol'),('mol/kg'),('NI'),('{count}'),('cm[Hg]'),('{CPM}'),('nmol{BCE}/L'),('fmol/mg'),('ukat'),('g/(100.g)'),('%{aggregation}'),('mm/min'),('uU/mL'),('[AU]'),('mg/(8.h)'),('pmol/mL'),('pg'),('%{viable}'),('kat/L'),('nmol/min'),('{#}'),('J'),('{ratio}'),('ng/s'),('uL'),('ng/h'),('ng/d'),('ng/g'),('mL/(8.h)'),('{copies}/ug'),('dm2/s2'),('U/g{Hb}'),('ug/g{dry_wt}'),('ng/U'),('us'),('um'),('mL/kg/min'),('mU/mmol{RBCs}'),('U/10*6'),('10.uN.s/(cm5.m2)'),('mU/g{prot}'),('mg{FEU}/L'),('fmol/mg{cyt_prot}'),('mmol/(6.h)'),('pmol/umol{creat}'),('nL'),('[sft_i]'),('umol/min/g{mucosa}'),('/10*9'),('{#}/{platelet}'),('mm[H2O]'),('{#}/uL'),('/[IU]'),('dyn.s/cm'),('mmol/L'),('{OD_unit}'),('pmol'),('ks'),('mL/m2'),('nmol/min/mg{Hb}'),('%'),('nm'),('umol/mol{creat}'),('mPa'),('ug/min'),('mg/g{creat}'),('ng'),('g{total_prot}'),('mL/(10.h)'),('U/kg{Hb}'),('/{entity}'),('mL'),('[in_i\'H2O]'),('{rel_saturation}'),('mU/mL/min'),('ns'),('%{residual}'),('10*6.[CFU]/L'),('U/s'),('m[IU]/mL'),('ug/kg/d'),('[GPL\'U]/mL'),('mg/(10.h)'),('fmol/L'),('Sv'),('{ISR}'),('10*9/uL'),('U/g'),('ug/kg/min'),('m/s2'),('10.L/min'),('ng/kg/min'),('U/h'),('mmol/dL'),('ueq/L'),('ng/(24.h)'),('[LPF]'),('fmol/g'),('[oz_tr]'),('[ppm]{v/v}'),('[IU]/(2.h)'),('[arb\'U]/mL'),('mL/mm'),('mg/(12.h)'),('U/L')
;


SELECT 'VS_HARVEST_ONSET_DATE_MGMT' as "PROCESSING TABLE:";
INSERT IGNORE INTO `VS_HARVEST_ONSET_DATE_MGMT` (`ONSET_DATE_MGMT`)
VALUES ('02'),('03'),('01'),('04'),('NI'),('UN'),('OT')
;


SELECT 'VS_DIAGNOSIS_PDX' as "PROCESSING TABLE:";
INSERT IGNORE INTO `VS_DIAGNOSIS_PDX` (`PDX`)
VALUES ('P'),('S'),('UN'),('OT'),('NI')
;


SELECT 'VS_HARVEST_ENR_START_DATE_MGMT' as "PROCESSING TABLE:";
INSERT IGNORE INTO `VS_HARVEST_ENR_START_DATE_MGMT` (`ENR_START_DATE_MGMT`)
VALUES ('02'),('03'),('01'),('04'),('NI'),('UN'),('OT')
;


SELECT 'VS_LABRESULTCM_RESULT_UNIT' as "PROCESSING TABLE:";
INSERT IGNORE INTO `VS_LABRESULTCM_RESULT_UNIT` (`RESULT_UNIT`)
VALUES ('mPa.s'),('lm.m2'),('[IU]/kg'),('ug/(100.g)'),('[IU]/(24.h)'),('mg/{total_output}'),('{Log_IU}'),('[APL\'U]/mL'),('{CAE\'U}'),('osm'),('pg/L'),('mmol/kg'),('{#}/[HPF]'),('10*6/mL'),('{activity}'),('10*12/L'),('um/s'),('cm2'),('ng/dL'),('[tsp_us]'),('dyn.s/(cm.m2)'),('kU/mL'),('nkat'),('10*3/L'),('mU/mmol{creat}'),('s/{control}'),('pkat'),('U{37Cel}/L'),('u[IU]/L'),('mg'),('meq/m2'),('{Rubella_virus}'),('/[arb\'U]'),('mmol/mmol{creat}'),('mg/{specimen}'),('%{recovery}'),('{cells}'),('pmol/min'),('Gy'),('ng/10*6'),('meq/mL'),('mg/(72.h)'),('10*4/uL'),('mg/kg/min'),('{titer}'),('{CH100\'U}'),('umol/mL'),('/mg'),('[beth\'U]'),('/mo'),('/mm'),('A'),('ueq'),('ng/mL{RBCs}'),('U/mL'),('ng{FEU}/mL'),('g/{total_output}'),('g/(48.h)'),('mm[Hg]'),('mL/(2.h)'),('/mL'),('eq/mmol'),('mg/m3'),('mg/m2'),('ug{FEU}/mL'),('daL/min'),('{ARU}'),('/uL'),('meq/g{creat}'),('mg/mL'),('K'),('pmol/dL'),('/m3'),('/m2'),('meq'),('{EIA_titer}'),('Ms'),('[pH]'),('ng/kg'),('g/(4.h)'),('mg/L{RBCs}'),('%{reactive}'),('{Lyme_index_value}'),('Ohm.m'),('{#}/L'),('U/10'),('umol/L/h'),('mmol/{total_vol}'),('kcal'),('K/W'),('[lb_av]'),('nmol/dL{GF}'),('mg/(2.h)'),('g/kg/(8.h){shift}'),('/kg{body_wt}'),('/100{cells}'),('L/(24.h)'),('mmol/L{RBCs}'),('U{25Cel}/L'),('mL/(24.h)'),('mmol/mmol{urea}'),('10*3'),('[MPL\'U]'),('10*8'),('m2'),('10*5'),('10*6'),('L/kg'),('{MPS\'U}'),('{FIU}'),('mA'),('F'),('[mi_i]'),('[degF]'),('ug/g{tissue}'),('mg/d'),('/10*12{RBCs}'),('mV'),('V'),('kg/m3'),('kg/m2'),('g/h/m2'),('10*6.[IU]'),('{ELISA\'U}'),('[tb\'U]'),('ug/dL{RBCs}'),('%{total}'),('mm'),('eq/umol'),('ag/{cell}'),('[mclg\'U]'),('{APS\'U}'),('mol/kg/s'),('/g{wet_tis}'),('erg'),('{Log}'),('ms'),('cal'),('{AHF\'U}'),('mo'),('deg'),('ug/(8.h)'),('umol/min'),('ug/mmol'),('mmol/kg/min'),('%{hemolysis}'),('kU/L{class}'),('mmol/mmol'),('umol/mol{Hb}'),('L/(8.h)'),('nmol/mg{prot}'),('%{abnormal}'),('g/{specimen}'),('{copies}'),('[IU]/kg/d'),('mg/{collection}'),('UN'),('H'),('mosm/kg'),('[CFU]/L'),('nm/s/L'),('{M.o.M}'),('{absorbance}'),('pg/mg'),('ng/10*6{RBCs}'),('kPa'),('meq/h'),('fg'),('N.cm'),('meq/g'),('fm'),('meq/d'),('a'),('mL/{beat}'),('mL/{beat}/m2'),('ug/mg{creat}'),('ng/min'),('pg/mg{creat}'),('meq/L'),('nU/mL'),('10*9/mL'),('fL'),('%{index}'),('/{OIF}'),('nmol/s/L'),('meq/dL'),('g{total_nit}'),('g/mg'),('ng/g{creat}'),('ug/g{creat}'),('{INR}'),('{mutation}'),('[sin_i]'),('g/mL'),('{STDV}'),('%{baseline}'),('/min'),('lm'),('nmol/g{dry_wt}'),('24.h'),('umol/min/L'),('%{loss_AChR}'),('{Ehrlich\'U}/dL'),('U/10*12{RBCs}'),('{IFA_index}'),('L'),('ug/m2'),('mmol/kg/(8.h)'),('meq/{total_volume}'),('cSt'),('ng/mg/h'),('[ft_i]'),('g/m2'),('mL/kg'),('kcal/h'),('mg/g{tissue}'),('kcal/kg/(24.h)'),('A/m'),('{GAA_repeats}'),('kcal/d'),('mmol/kg/d'),('g/dL'),('mmol/kg/h'),('nmol/umol{creat}'),('fmol'),('ng/(8.h)'),('cm[H2O]/L/s'),('10*6/uL'),('[syd_i]'),('g/(3.d)'),('g/cm3'),('mL/(72.h)'),('mm2'),('[bdsk\'U]'),('nmol/mL/h'),('eq'),('/g{Hb}'),('uOhm'),('{spermatozoa}/mL'),('pmol/(24.h)'),('%{excretion}'),('nmol/L{RBCs}'),('mg/kg/d'),('osm/L'),('umol/g{Hb}'),('eV'),('kg/min'),('umol/min/g'),('[IU]'),('ug/mmol{creat}'),('{KCT\'U}'),('mL/dL'),('mg/(6.h)'),('/10*4{RBCs}'),('{Ehrlich\'U}/d'),('{MPS\'U}/mL'),('[knk\'U]'),('[arb\'U]'),('umol/min/g{prot}'),('g'),('atm'),('[psi]'),('%{uptake}'),('mg/(24.h)'),('[dr_av]'),('g/(12.h)'),('U/g{protein}'),('mmol/h/mg{prot}'),('cm2/s'),('{clock_time}'),('eq/L'),('{RBC}/uL'),('g/(8.h){shift}'),('pg/mL'),('g.m/{beat}'),('uL/h'),('%{deficient}'),('{KRONU\'U}/mL'),('mU/mg{creat}'),('[IU]/min'),('mg/wk'),('nmol/h/L'),('Cel'),('ug/mL{class}'),('pg/mm'),('mg/kg/(8.h)'),('L/(min.m2)'),('/g{tot_nit}'),('{#}/mL'),('[IU]/L{37Cel}'),('g/g{creat}'),('nmol{ATP}'),('pmol/d'),('nmol/min/10*6{cells}'),('nmol/min/mL'),('{minidrop}/s'),('u[IU]/mL'),('ng/mL/h'),('nmol/mg{prot}/h'),('mg/mmol'),('ug/g{dry_tissue}'),('[IU]/L'),('umol/mL/min'),('[pt_us]'),('{CAG_repeats}'),('[pptr]'),('nmol/g{creat}'),('k[IU]/L'),('pg/dL'),('pmol/min/mg{prot}'),('[in_i]'),('[IU]/g'),('U/10*10{cells}'),('[CFU]/mL'),('%{activity}'),('{dilution}'),('{s_co_ratio}'),('[IU]/h'),('ug/(24.h)'),('{percentile}'),('ug'),('g/(72.h)'),('[ppb]'),('cm[H2O]'),('[cin_i]'),('mg/{total_volume}'),('/100{spermatozoa}'),('nmol/L'),('kat/kg'),('{GPS\'U}'),('/mmol{creat}'),('umol{BCE}/mol'),('pmol/h/mL'),('%{dose}'),('mmol/(24.h)'),('[ppm]'),('ug/[sft_i]'),('min'),('nU/{RBC}'),('mg/dL{RBCs}'),('umol/L{RBCs}'),('nmol/s'),('[foz_us]'),('mol/mL'),('nmol/d'),('nmol/g'),('/10*3{RBCs}'),('g/L'),('nmol/L/mmol{creat}'),('uV'),('mmol/m2'),('ug/g{feces}'),('/wk'),('mosm'),('mol/m3'),('{#}/[LPF]'),('ug/kg/(8.h)'),('kL'),('%{loss}'),('ug/ng'),('kU'),('kat'),('%{positive}'),('kU/g'),('uU/L'),('J/L'),('mL/(4.h)'),('{EIA_index}'),('kg'),('g/h'),('U/10*9'),('g/d'),('g/g'),('mosm/L'),('m'),('%{basal_activity}'),('km'),('uU/g'),('kU/L'),('umol/mg'),('[IU]/10*9{RBCs}'),('[gal_us]'),('umol'),('g/g{tissue}'),('{ImmuneComplex\'U}'),('mmol/min'),('g/(24.h)'),('ng/L'),('mmol/{ejaculate}'),('mL/(12.h)'),('g/(5.h)'),('%{blockade}'),('%{binding}'),('U/dL'),('mL/mbar'),('g{creat}'),('10*6/L'),('10*3/mL'),('dm'),('nmol/dL'),('[IU]/mg{creat}'),('dg'),('pmol/{RBC}'),('{JDF\'U}/L'),('mmol/{specimen}'),('g/{total_weight}'),('mL/(6.h)'),('%{relative}'),('%{pooled_plasma}'),('/[HPF]'),('{Log_IU}/mL'),('dL'),('bar'),('nmol'),('{EV}'),('ug/g{hair}'),('h'),('{cells}/[HPF]'),('dB'),('ug/L{RBCs}'),('nmol/m/mg{prot}'),('g/kg/(8.h)'),('{shift}'),('10*3{RBCs}'),('{binding_index}'),('umol/umol'),('nmol/mol'),('mg/kg/h'),('nmol/mg/h'),('%{Hb}'),('g/mmol'),('nmol/h/mg{prot}'),('/kg'),('mmol/h/mg{Hb}'),('g/kg/d'),('{Ehrlich\'U}/100.g'),('%{bound}'),('ug/mg'),('g/kg/h'),('{Ehrlich\'U}'),('mU/mg'),('ug/kg'),('mg/dL'),('Pa'),('{mm/dd/yyyy}'),('ug/g{Hb}'),('meq/min'),('pmol/mmol{creat}'),('L/s/s2'),('{#}/min'),('{Pan_Bio\'U}'),('ug/mL'),('[oz_av]'),('[IU]/d'),('U/mmol{creat}'),('cm[H2O]/s/m'),('m3/s'),('U/(12.h)'),('10*9/L'),('U/(24.h)'),('mU/mL'),('[ka\'U]'),('nmol/mg'),('%{breakdown}'),('U/(10.g){feces}'),('[GPL\'U]'),('[IU]/g{Hb}'),('{saturation}'),('mbar/L/s'),('wk'),('ng/mg{prot}'),('/100'),('S'),('mmol/h'),('U/(2.h)'),('pg/{cell}'),('mbar'),('ug/L'),('ug/m3'),('kg/L'),('kg/s'),('%{reference}'),('umol/(2.h)'),('nmol/mL'),('%{inhibition}'),('{EIA\'U}/U'),('%{WBCs}'),('s'),('ug/d'),('ug/g'),('ug/mL{eqv}'),('ug/h'),('kg/h'),('umol/dL'),('mbar.s/L'),('kcal/[oz_av]'),('cm'),('/10*6'),('m/s'),('cg'),('{Log_copies}/mL'),('umol/mmol{creat}'),('pm'),('mol/mol'),('pA'),('meq/(2.h)'),('/10*3'),('pL'),('ps'),('nmol/mmol'),('%{at_60_min}'),('cL'),('mU/g'),('kg/mol'),('umol/kg'),('meq/kg'),('kg.m/s'),('meq/{specimen}'),('cP'),('[drp]'),('nmol/mg{creat}'),('%{lysis}'),('10.L/(min.m2)'),('{Globules}/[HPF]'),('[Ch]'),('mL/h'),('ug/kg/h'),('mL/d'),('k[IU]/mL'),('%{cells}'),('mg/mg'),('N'),('fmol/mg{prot}'),('/g{tot_prot}'),('meq/(8.h)'),('ug/dL'),('{copies}/mL'),('mL/s'),('mmol/(12.h)'),('meq/(24.h)'),('/100{neutrophils}'),('pmol/h/mg{prot}'),('{HA_titer}'),('/dL'),('mmol/mol'),('ng/mL'),('{IFA_titer}'),('/10*12'),('mmol/mol{creat}'),('/10*10'),('mmol/(5.h)'),('mg/h'),('/L'),('/100{WBCs}'),('%{penetration}'),('[CFU]'),('L/min'),('U/10*12'),('mg/g'),('U/10*10'),('mg/d/{1.73_m2}'),('mmol/s/L'),('/U'),('[qt_us]'),('mm/h'),('mL{fetal_RBCs}'),('mg/L'),('/h'),('/g'),('/d'),('{JDF\'U}'),('/a'),('ug/{specimen}'),('[IU]/mL'),('g{Hb}'),('/s'),('mmol/(2.h)'),('umol/kg{feces}'),('g.m'),('[tbs_us]'),('nmol/mmol{creat}'),('pmol/mg{prot}'),('U/g{creat}'),('pmol/umol'),('U/min'),('meq/kg/h'),('ng/mg'),('ng/mg{creat}'),('umol/g{creat}'),('mol/s'),('mg/g{feces}'),('{delta_OD}'),('ueq/mL'),('nmol{BCE}'),('g{wet_tissue}'),('%{normal}'),('{beats}/min'),('{cells}/uL'),('10*6/kg'),('%{blocked}'),('umol/h'),('10*6/(24.h)'),('umol/dL{GF}'),('10*3{copies}/mL'),('/cm[H2O]'),('mol'),('umol/d'),('ug/L/(24.h)'),('umol/g'),('mU/L'),('{minidrop}/min'),('u[IU]'),('mL/kg/(8.h)'),('eq/mL'),('{index_val}'),('/[LPF]'),('umol/L'),('pT'),('[todd\'U]'),('umol/mmol'),('[HPF]'),('ng/m2'),('ng/kg/h'),('Bq'),('U/mL{RBCs}'),('umol/(24.h)'),('mmol/d'),('mg/g{dry_tissue}'),('mg/mg{creat}'),('pmol/L'),('g/(6.h)'),('L/d'),('{fraction}'),('L/h'),('mmol/g'),('/g{creat}'),('L/s'),('[yd_i]'),('T'),('umol/mg{creat}'),('mL/min/{1.73_m2}'),('mg/g{wet_tissue}'),('[APL\'U]'),('{WBCs}'),('Ohm'),('d'),('pmol/g'),('10*3/uL'),('g/min'),('mL/[sin_i]'),('[IU]/dL'),('mg/kg'),('g/kg/min'),('mg/mmol{creat}'),('OT'),('%{saturation}'),('ng/kg/(8.h)'),('mL/(5.h)'),('mmol/g{creat}'),('{EIA\'U}'),('g/kg'),('mL/min/m2'),('{TSI_index}'),('mg/min'),('L/L'),('%{bacteria}'),('mL/min'),('osm/kg'),('Hz'),('mol/L'),('mL/kg/h'),('deg/s'),('mL/kg/d'),('umol/(8.h)'),('{phenotype}'),('nmol/min/mg{prot}'),('m[IU]/L'),('daL/min/m2'),('umol/umol{creat}'),('N.s'),('mL/(8.h)/kg'),('t'),('mU/g{Hb}'),('uL/(2.h)'),('Wb'),('%{vol}'),('{genomes}/mL'),('mL/cm[H2O]'),('nmol/nmol'),('nmol/(24.h)'),('mmol'),('%{RBCs}'),('pg/{RBC}'),('[MPL\'U]/mL'),('nmol/mL/min'),('{CPM}/10*3{cell}'),('g/g{globulin}'),('mmol/(8.h)'),('[ppth]'),('U'),('m2/s'),('fmol/mL'),('g/mol{creat}'),('{Ehrlich\'U}/(2.h)'),('U/d'),('/(12.h)'),('kg/(s.m2)'),('Torr'),('umol/mol'),('mol/kg'),('NI'),('{count}'),('cm[Hg]'),('{CPM}'),('nmol{BCE}/L'),('fmol/mg'),('ukat'),('g/(100.g)'),('%{aggregation}'),('mm/min'),('uU/mL'),('[AU]'),('mg/(8.h)'),('pmol/mL'),('pg'),('%{viable}'),('kat/L'),('nmol/min'),('{#}'),('J'),('{ratio}'),('ng/s'),('uL'),('ng/h'),('ng/d'),('ng/g'),('mL/(8.h)'),('{copies}/ug'),('dm2/s2'),('U/g{Hb}'),('ug/g{dry_wt}'),('ng/U'),('us'),('um'),('mL/kg/min'),('mU/mmol{RBCs}'),('U/10*6'),('10.uN.s/(cm5.m2)'),('mU/g{prot}'),('mg{FEU}/L'),('fmol/mg{cyt_prot}'),('mmol/(6.h)'),('pmol/umol{creat}'),('nL'),('[sft_i]'),('umol/min/g{mucosa}'),('/10*9'),('{#}/{platelet}'),('mm[H2O]'),('{#}/uL'),('/[IU]'),('dyn.s/cm'),('mmol/L'),('{OD_unit}'),('pmol'),('ks'),('mL/m2'),('nmol/min/mg{Hb}'),('%'),('nm'),('umol/mol{creat}'),('mPa'),('ug/min'),('mg/g{creat}'),('ng'),('g{total_prot}'),('mL/(10.h)'),('U/kg{Hb}'),('/{entity}'),('mL'),('[in_i\'H2O]'),('{rel_saturation}'),('mU/mL/min'),('ns'),('%{residual}'),('10*6.[CFU]/L'),('U/s'),('m[IU]/mL'),('ug/kg/d'),('[GPL\'U]/mL'),('mg/(10.h)'),('fmol/L'),('Sv'),('{ISR}'),('10*9/uL'),('U/g'),('ug/kg/min'),('m/s2'),('10.L/min'),('ng/kg/min'),('U/h'),('mmol/dL'),('ueq/L'),('ng/(24.h)'),('[LPF]'),('fmol/g'),('[oz_tr]'),('[ppm]{v/v}'),('[IU]/(2.h)'),('[arb\'U]/mL'),('mL/mm'),('mg/(12.h)'),('U/L')
;


SELECT 'VS_HARVEST_OBSGEN_DATE_MGMT' as "PROCESSING TABLE:";
INSERT IGNORE INTO `VS_HARVEST_OBSGEN_DATE_MGMT` (`OBSGEN_DATE_MGMT`)
VALUES ('02'),('03'),('01'),('04'),('NI'),('UN'),('OT')
;


SELECT 'VS_ENCOUNTER_PAYER_TYPE_PRIMARY' as "PROCESSING TABLE:";
INSERT IGNORE INTO `VS_ENCOUNTER_PAYER_TYPE_PRIMARY` (`PAYER_TYPE_PRIMARY`)
VALUES ('212'),('213'),('3713'),('211'),('219'),('3711'),('24'),('25'),('26'),('21'),('22'),('23'),('3122'),('3123'),('3121'),('29'),('341'),('342'),('343'),('8'),('349'),('7'),('523'),('121'),('122'),('123'),('129'),('55'),('54'),('56'),('51'),('53'),('52'),('379'),('299'),('371'),('372'),('821'),('823'),('291'),('313'),('312'),('311'),('191'),('9999'),('391'),('89'),('111'),('113'),('112'),('82'),('83'),('72'),('81'),('119'),('84'),('85'),('524'),('3'),('521'),('522'),('369'),('3712'),('362'),('529'),('361'),('3812'),('3813'),('3811'),('3819'),('381'),('382'),('954'),('389'),('39'),('38'),('33'),('32'),('31'),('37'),('36'),('35'),('34'),('519'),('UN'),('511'),('73'),('513'),('512'),('515'),('514'),('517'),('516'),('623'),('622'),('621'),('71'),('334'),('629'),('331'),('333'),('332'),('61'),('62'),('NI'),('OT'),('3211'),('3212'),('2'),('6'),('822'),('4'),('561'),('562'),('99'),('98'),('91'),('93'),('92'),('95'),('94'),('97'),('96'),('11'),('13'),('12'),('14'),('19'),('3113'),('3111'),('959'),('951'),('44'),('42'),('43'),('41'),('322'),('321'),('5'),('9'),('619'),('612'),('613'),('611'),('614'),('32123'),('32122'),('32121'),('32127'),('32126'),('32125'),('32124'),('32128'),('79'),('3229'),('3119'),('3116'),('3115'),('3114'),('3221'),('3112'),('3223'),('3222'),('1'),('953')
;


SELECT 'VS_LABRESULTCM_ABN_IND' as "PROCESSING TABLE:";
INSERT IGNORE INTO `VS_LABRESULTCM_ABN_IND` (`ABN_IND`)
VALUES ('UN'),('NI'),('CH'),('NL'),('CL'),('AH'),('AL'),('AB'),('IN'),('CR'),('OT')
;


SELECT 'VS_ENROLLMENT_ENR_BASIS' as "PROCESSING TABLE:";
INSERT IGNORE INTO `VS_ENROLLMENT_ENR_BASIS` (`ENR_BASIS`)
VALUES ('I'),('A'),('E'),('D'),('G')
;


SELECT 'VS_ENROLLMENT_CHART' as "PROCESSING TABLE:";
INSERT IGNORE INTO `VS_ENROLLMENT_CHART` (`CHART`)
VALUES ('Y'),('N')
;


SELECT 'VS_LABRESULTCM_NORM_MODIFIER_HIGH' as "PROCESSING TABLE:";
INSERT IGNORE INTO `VS_LABRESULTCM_NORM_MODIFIER_HIGH` (`NORM_MODIFIER_HIGH`)
VALUES ('NI'),('LE'),('NO'),('LT'),('UN'),('OT'),('EQ')
;


SELECT 'VS_CONDITION_CONDITION_STATUS' as "PROCESSING TABLE:";
INSERT IGNORE INTO `VS_CONDITION_CONDITION_STATUS` (`CONDITION_STATUS`)
VALUES ('NI'),('AC'),('RS'),('UN'),('IN'),('OT')
;


SELECT 'VS_PROCM_PRO_TYPE' as "PROCESSING TABLE:";
INSERT IGNORE INTO `VS_PROCM_PRO_TYPE` (`PRO_TYPE`)
VALUES ('NI'),('LC'),('AM'),('PC'),('UN'),('HC'),('NQ'),('OT'),('NT'),('PM')
;


SELECT 'VS_VITAL_BP_POSITION' as "PROCESSING TABLE:";
INSERT IGNORE INTO `VS_VITAL_BP_POSITION` (`BP_POSITION`)
VALUES ('02'),('03'),('01'),('NI'),('UN'),('OT')
;


SELECT 'VS_HARVEST_ADMIT_DATE_MGMT' as "PROCESSING TABLE:";
INSERT IGNORE INTO `VS_HARVEST_ADMIT_DATE_MGMT` (`ADMIT_DATE_MGMT`)
VALUES ('02'),('03'),('01'),('04'),('NI'),('UN'),('OT')
;


SELECT 'VS_DEATH_DEATH_SOURCE' as "PROCESSING TABLE:";
INSERT IGNORE INTO `VS_DEATH_DEATH_SOURCE` (`DEATH_SOURCE`)
VALUES ('NI'),('D'),('L'),('N'),('S'),('UN'),('T'),('OT')
;


SELECT 'VS_HARVEST_LAB_ORDER_DATE_MGMT' as "PROCESSING TABLE:";
INSERT IGNORE INTO `VS_HARVEST_LAB_ORDER_DATE_MGMT` (`LAB_ORDER_DATE_MGMT`)
VALUES ('02'),('03'),('01'),('04'),('NI'),('UN'),('OT')
;


SELECT 'VS_CONDITION_CONDITION_TYPE' as "PROCESSING TABLE:";
INSERT IGNORE INTO `VS_CONDITION_CONDITION_TYPE` (`CONDITION_TYPE`)
VALUES ('11'),('10'),('AG'),('NI'),('HP'),('09'),('UN'),('SM'),('OT')
;


SELECT 'VS_ENCOUNTER_DISCHARGE_DISPOSITION' as "PROCESSING TABLE:";
INSERT IGNORE INTO `VS_ENCOUNTER_DISCHARGE_DISPOSITION` (`DISCHARGE_DISPOSITION`)
VALUES ('NI'),('UN'),('E'),('OT'),('AV')
;


SELECT 'VS_HARVEST_MEASURE_DATE_MGMT' as "PROCESSING TABLE:";
INSERT IGNORE INTO `VS_HARVEST_MEASURE_DATE_MGMT` (`MEASURE_DATE_MGMT`)
VALUES ('02'),('03'),('01'),('04'),('NI'),('UN'),('OT')
;


SELECT 'VS_MEDADMIN_MEDADMIN_SOURCE' as "PROCESSING TABLE:";
INSERT IGNORE INTO `VS_MEDADMIN_MEDADMIN_SOURCE` (`MEDADMIN_SOURCE`)
VALUES ('NI'),('OD'),('DR'),('OT'),('UN')
;


SELECT 'VS_DIAGNOSIS_ENC_TYPE' as "PROCESSING TABLE:";
INSERT IGNORE INTO `VS_DIAGNOSIS_ENC_TYPE` (`ENC_TYPE`)
VALUES ('NI'),('EI'),('ED'),('IS'),('AV'),('OA'),('UN'),('IP'),('IC'),('OT'),('OS')
;


SELECT 'VS_LABRESULTCM_RESULT_QUAL' as "PROCESSING TABLE:";
INSERT IGNORE INTO `VS_LABRESULTCM_RESULT_QUAL` (`RESULT_QUAL`)
VALUES ('UNDETERMINED'),('NI'),('BORDERLINE'),('NORMAL'),('POSITIVE'),('ABNORMAL'),('NEGATIVE'),('ELEVATED'),('HIGH'),('UN'),('LOW'),('OT')
;


SELECT 'VS_ENCOUNTER_PAYER_TYPE_SECONDARY' as "PROCESSING TABLE:";
INSERT IGNORE INTO `VS_ENCOUNTER_PAYER_TYPE_SECONDARY` (`PAYER_TYPE_SECONDARY`)
VALUES ('212'),('213'),('3713'),('211'),('219'),('3711'),('24'),('25'),('26'),('21'),('22'),('23'),('3122'),('3123'),('3121'),('29'),('341'),('342'),('343'),('8'),('349'),('7'),('523'),('121'),('122'),('123'),('129'),('55'),('54'),('56'),('51'),('53'),('52'),('379'),('299'),('371'),('372'),('821'),('823'),('291'),('313'),('312'),('311'),('191'),('9999'),('391'),('89'),('111'),('113'),('112'),('82'),('83'),('72'),('81'),('119'),('84'),('85'),('524'),('3'),('521'),('522'),('369'),('3712'),('362'),('529'),('361'),('3812'),('3813'),('3811'),('3819'),('381'),('382'),('954'),('389'),('39'),('38'),('33'),('32'),('31'),('37'),('36'),('35'),('34'),('519'),('UN'),('511'),('73'),('513'),('512'),('515'),('514'),('517'),('516'),('623'),('622'),('621'),('71'),('334'),('629'),('331'),('333'),('332'),('61'),('62'),('NI'),('OT'),('3211'),('3212'),('2'),('6'),('822'),('4'),('561'),('562'),('99'),('98'),('91'),('93'),('92'),('95'),('94'),('97'),('96'),('11'),('13'),('12'),('14'),('19'),('3113'),('3111'),('959'),('951'),('44'),('42'),('43'),('41'),('322'),('321'),('5'),('9'),('619'),('612'),('613'),('611'),('614'),('32123'),('32122'),('32121'),('32127'),('32126'),('32125'),('32124'),('32128'),('79'),('3229'),('3119'),('3116'),('3115'),('3114'),('3221'),('3112'),('3223'),('3222'),('1'),('953')
;


SELECT 'VS_DEATHCAUSE_DEATH_CAUSE_SOURCE' as "PROCESSING TABLE:";
INSERT IGNORE INTO `VS_DEATHCAUSE_DEATH_CAUSE_SOURCE` (`DEATH_CAUSE_SOURCE`)
VALUES ('NI'),('D'),('L'),('N'),('S'),('UN'),('T'),('OT')
;


SELECT 'VS_LABRESULTCM_NORM_MODIFIER_LOW' as "PROCESSING TABLE:";
INSERT IGNORE INTO `VS_LABRESULTCM_NORM_MODIFIER_LOW` (`NORM_MODIFIER_LOW`)
VALUES ('NI'),('GT'),('NO'),('GE'),('UN'),('OT'),('EQ')
;


SELECT 'VS_PRESCRIBING_RX_DISPENSE_AS_WRITTEN' as "PROCESSING TABLE:";
INSERT IGNORE INTO `VS_PRESCRIBING_RX_DISPENSE_AS_WRITTEN` (`RX_DISPENSE_AS_WRITTEN`)
VALUES ('Y'),('NI'),('UN'),('OT'),('N')
;


SELECT 'VS_ENCOUNTER_DISCHARGE_STATUS' as "PROCESSING TABLE:";
INSERT IGNORE INTO `VS_ENCOUNTER_DISCHARGE_STATUS` (`DISCHARGE_STATUS`)
VALUES ('NH'),('NI'),('UN'),('AF'),('HS'),('RS'),('AM'),('AL'),('SN'),('HH'),('SH'),('EX'),('AW'),('IP'),('OT'),('RH'),('HO')
;


SELECT 'VS_MEDADMIN_MEDADMIN_TYPE' as "PROCESSING TABLE:";
INSERT IGNORE INTO `VS_MEDADMIN_MEDADMIN_TYPE` (`MEDADMIN_TYPE`)
VALUES ('RX'),('UN'),('ND'),('OT'),('NI')
;


SELECT 'VS_PROVIDER_PROVIDER_SEX' as "PROCESSING TABLE:";
INSERT IGNORE INTO `VS_PROVIDER_PROVIDER_SEX` (`PROVIDER_SEX`)
VALUES ('A'),('NI'),('F'),('M'),('UN'),('OT')
;


SELECT 'VS_DIAGNOSIS_DX_POA' as "PROCESSING TABLE:";
INSERT IGNORE INTO `VS_DIAGNOSIS_DX_POA` (`DX_POA`)
VALUES ('NI'),('N'),('1'),('UN'),('U'),('W'),('Y'),('OT')
;


SELECT 'VS_PROVIDER_PROVIDER_SPECIALTY_PRIMARY' as "PROCESSING TABLE:";
INSERT IGNORE INTO `VS_PROVIDER_PROVIDER_SPECIALTY_PRIMARY` (`PROVIDER_SPECIALTY_PRIMARY`)
VALUES ('204R00000X'),('261QP2300X'),('2251E1200X'),('320700000X'),('207RB0002X'),('332G00000X'),('246X00000X'),('246YC3302X'),('261QR0405X'),('103TC0700X'),('163WC0400X'),('364SL0600X'),('111NN1001X'),('2084P0301X'),('163WR0400X'),('261QC0050X'),('207WX0108X'),('103TA0400X'),('225XE0001X'),('2080T0002X'),('282E00000X'),('246ZA2600X'),('261QP3300X'),('207YX0905X'),('103TW0100X'),('317400000X'),('385H00000X'),('156FX1800X'),('332BP3500X'),('2279P1006X'),('363LF0000X'),('208VP0014X'),('2083X0100X'),('3336C0003X'),('261QC1800X'),('246XC2901X'),('310400000X'),('261QM1100X'),('208600000X'),('261QH0100X'),('261QR0207X'),('102X00000X'),('246ZX2200X'),('207SC0300X'),('163WG0100X'),('2085R0203X'),('163WU0100X'),('171R00000X'),('235500000X'),('207RT0003X'),('225B00000X'),('156FX1201X'),('163WW0000X'),('211D00000X'),('310500000X'),('2255A2300X'),('106H00000X'),('207PP0204X'),('171100000X'),('261QA0600X'),('341600000X'),('2086S0122X'),('225800000X'),('207LC0200X'),('331L00000X'),('163WE0003X'),('246ZE0500X'),('2085P0229X'),('163WN0300X'),('261QR1100X'),('246QI0000X'),('152WS0006X'),('103TA0700X'),('275N00000X'),('320900000X'),('2279P3900X'),('213ES0000X'),('363LA2200X'),('1835P1200X'),('207UN0902X'),('363AS0400X'),('193200000X'),('111N00000X'),('2471C3402X'),('207RH0003X'),('246ZG0701X'),('344800000X'),('213E00000X'),('320600000X'),('3104A0630X'),('171W00000X'),('2080A0000X'),('225XH1300X'),('335E00000X'),('261QA0006X'),('163WM0705X'),('367H00000X'),('207Q00000X'),('261QR1300X'),('2471V0106X'),('3336L0003X'),('207ZP0101X'),('207QA0401X'),('163WX0106X'),('133N00000X'),('376K00000X'),('2279G0305X'),('363LG0600X'),('2278G0305X'),('261QR0800X'),('2084F0202X'),('207SG0205X'),('207RI0001X'),('2084P0005X'),('2083P0901X'),('156FX1700X'),('103TF0200X'),('246QC1000X'),('2278E0002X'),('171M00000X'),('242T00000X'),('229N00000X'),('170300000X'),('163WN0003X'),('1223S0112X'),('363LA2100X'),('364SS0200X'),('193400000X'),('286500000X'),('364SC2300X'),('2251N0400X'),('1223X0008X'),('287300000X'),('207LH0002X'),('246ZB0302X'),('2083T0002X'),('207RI0011X'),('2086S0127X'),('2084P0804X'),('282N00000X'),('163WC1500X'),('213ES0131X'),('2471M2300X'),('261QM1101X'),('2471Q0001X'),('364SE1400X'),('2085H0002X'),('253Z00000X'),('363A00000X'),('2081P0004X'),('227900000X'),('2080P0202X'),('247100000X'),('261QM0850X'),('207R00000X'),('364SN0800X'),('261QA0005X'),('2083P0500X'),('2083P0011X'),('2083A0100X'),('2080C0008X'),('207XS0117X'),('204D00000X'),('253J00000X'),('225XN1300X'),('252Y00000X'),('3336N0007X'),('207NS0135X'),('363LX0106X'),('282J00000X'),('364ST0500X'),('282NC2000X'),('335G00000X'),('225CA2400X'),('261QL0400X'),('363LW0102X'),('163WP0809X'),('261QP0904X'),('207RE0101X'),('332S00000X'),('173F00000X'),('2471V0105X'),('208VP0000X'),('2251H1200X'),('261QR0400X'),('225200000X'),('332BX2000X'),('322D00000X'),('324500000X'),('163WD0400X'),('261QR0401X'),('111NR0400X'),('261QA1903X'),('363LP1700X'),('1710I1002X'),('261QM3000X'),('276400000X'),('UN'),('251K00000X'),('376G00000X'),('106E00000X'),('207VC0200X'),('251S00000X'),('363AM0700X'),('204F00000X'),('156FX1202X'),('247000000X'),('171000000X'),('3747A0650X'),('246ZN0300X'),('2088P0231X'),('261QS0112X'),('111NX0800X'),('364SP0813X'),('1744R1103X'),('146M00000X'),('261QS0132X'),('246QH0401X'),('363LN0005X'),('204C00000X'),('207RC0000X'),('163WX1500X'),('103TH0004X'),('163WE0900X'),('183700000X'),('1223P0700X'),('3245S0500X'),('2279H0200X'),('103TP0814X'),('207ZP0213X'),('207VG0400X'),('332U00000X'),('261QM1103X'),('2086S0102X'),('207XX0801X'),('163WP1700X'),('2279S1500X'),('2085N0904X'),('174M00000X'),('163WW0101X'),('364SH1100X'),('2279C0205X'),('225XR0403X'),('224L00000X'),('163WA2000X'),('2472V0600X'),('207ZD0900X'),('225XP0019X'),('246R00000X'),('246ZB0500X'),('1835G0000X'),('283X00000X'),('207XS0114X'),('261QF0050X'),('251B00000X'),('364SW0102X'),('207ND0101X'),('3336C0002X'),('133VN1005X'),('207RS0010X'),('208D00000X'),('202C00000X'),('224900000X'),('2471M1202X'),('3336I0012X'),('284300000X'),('133NN1002X'),('246QH0600X'),('207WX0009X'),('3418M1130X'),('363LC0200X'),('208000000X'),('163WN0800X'),('224Z00000X'),('207UN0901X'),('261QM0855X'),('261QM1000X'),('202K00000X'),('261QP2000X'),('2080P0210X'),('2084P0802X'),('103TM1700X'),('2080P0206X'),('251T00000X'),('207KA0200X'),('174H00000X'),('207PE0004X'),('152WV0400X'),('293D00000X'),('156FC0801X'),('163WN1003X'),('1223D0004X'),('163WC3500X'),('347C00000X'),('332BD1200X'),('103TR0400X'),('103TP2701X'),('125K00000X'),('261QI0500X'),('1835X0200X'),('146N00000X'),('222Q00000X'),('103TE1000X'),('207RG0300X'),('374K00000X'),('2081H0002X'),('163WF0300X'),('364SN0000X'),('343800000X'),('NI'),('2278P3800X'),('136A00000X'),('2085B0100X'),('2471R0002X'),('225A00000X'),('2080P0208X'),('111NP0017X'),('315P00000X'),('207RX0202X'),('2279P1005X'),('164X00000X'),('2084V0102X'),('364SP0200X'),('172V00000X'),('207QS1201X'),('124Q00000X'),('172P00000X'),('207W00000X'),('261QR0200X'),('2084B0040X'),('2085R0202X'),('207ZN0500X'),('2278S1500X'),('207RR0500X'),('246Z00000X'),('163WP2201X'),('126900000X'),('207ZB0001X'),('243U00000X'),('207ZP0007X'),('364SA2200X'),('207YX0901X'),('221700000X'),('111NT0100X'),('333600000X'),('1223G0001X'),('2080P0203X'),('261QV0200X'),('225600000X'),('163WP0808X'),('207ZC0006X'),('177F00000X'),('207VF0040X'),('246Y00000X'),('261QX0100X'),('363LP2300X'),('372600000X'),('246QH0000X'),('175M00000X'),('163WI0500X'),('207XS0106X'),('364SH0200X'),('207ND0900X'),('213ES0103X'),('225100000X'),('163WP0000X'),('251X00000X'),('3336S0011X'),('207RH0002X'),('2086S0105X'),('207YX0602X'),('2278E1000X'),('332800000X'),('2080P0214X'),('2081N0008X'),('261QA3000X'),('376J00000X'),('208200000X'),('2084N0402X'),('273Y00000X'),('207ZP0102X'),('163WH0500X'),('231HA2400X'),('2086S0129X'),('3416S0300X'),('2081P2900X'),('261Q00000X'),('213EP1101X'),('207YS0123X'),('2080P0006X'),('281P00000X'),('374700000X'),('225500000X'),('207RC0001X'),('246ZS0410X'),('207V00000X'),('207LA0401X'),('2083C0008X'),('156F00000X'),('332BC3200X'),('2080T0004X'),('163WX1100X'),('156FX1900X'),('2086H0002X'),('174MM1900X'),('207XX0005X'),('163WN0002X'),('152WL0500X'),('1223P0106X'),('207QS0010X'),('302R00000X'),('335U00000X'),('111NS0005X'),('163WG0000X'),('364SA2100X'),('335V00000X'),('2278P1004X'),('261QE0700X'),('2279P1004X'),('122400000X'),('225XH1200X'),('1835N1003X'),('364SC1501X'),('246RP1900X'),('207RI0200X'),('226300000X'),('246ZE0600X'),('2084P0805X'),('204E00000X'),('224Y00000X'),('207XP3100X'),('133VN1006X'),('163W00000X'),('302F00000X'),('207RH0005X'),('103TC2200X'),('332H00000X'),('207VB0002X'),('2278G1100X'),('311ZA0620X'),('175T00000X'),('364SX0204X'),('207PS0010X'),('2470A2800X'),('207K00000X'),('207RM1200X'),('315D00000X'),('111NI0013X'),('237600000X'),('175L00000X'),('364SX0106X'),('207RI0008X'),('225CA2500X'),('207LP2900X'),('167G00000X'),('333300000X'),('246XS1301X'),('2080P0207X'),('347D00000X'),('111NI0900X'),('2088F0040X'),('163WX0200X'),('385HR2065X'),('103TS0200X'),('101YA0400X'),('207QA0000X'),('305S00000X'),('261QX0203X'),('2251G0304X'),('207SG0203X'),('1223E0200X'),('174200000X'),('2084S0012X'),('363LS0200X'),('226000000X'),('251C00000X'),('1835P2201X'),('332000000X'),('224P00000X'),('344600000X'),('2082S0105X'),('363LP0808X'),('261QS1000X'),('251V00000X'),('2084P0015X'),('2085N0700X'),('208100000X'),('2084D0003X'),('1041S0200X'),('374T00000X'),('2471C1106X'),('261QP2400X'),('163WP0218X'),('247200000X'),('103TP0016X'),('225C00000X'),('291900000X'),('3104A0625X'),('364SP2800X'),('2080S0010X'),('163WP0200X'),('207RP1001X'),('385HR2055X'),('146D00000X'),('207RA0401X'),('2081P0010X'),('163WX0601X'),('207YP0228X'),('2083S0010X'),('246RH0600X'),('207N00000X'),('2084N0600X'),('2251C2600X'),('173000000X'),('246QC2700X'),('364SP0809X'),('126800000X'),('207RA0000X'),('208U00000X'),('261QM1102X'),('364SG0600X'),('163WC0200X'),('343900000X'),('246QM0706X'),('207T00000X'),('2080P0008X'),('363LN0000X'),('2278P4000X'),('207U00000X'),('261QP1100X'),('2081P0301X'),('2279P3800X'),('227800000X'),('261QX0200X'),('2471N0900X'),('364S00000X'),('273100000X'),('2080N0001X'),('2278C0205X'),('1835P0200X'),('207Y00000X'),('163WM0102X'),('283Q00000X'),('2084A2900X'),('261QE0800X'),('163WX0003X'),('2083B0002X'),('261QR0208X'),('1835P1300X'),('172A00000X'),('207PE0005X'),('3418M1110X'),('2080B0002X'),('156FC0800X'),('207ZI0100X'),('207WX0110X'),('225XP0200X'),('261QD0000X'),('2084P0800X'),('163WX0800X'),('156FX1100X'),('224ZR0403X'),('207QB0002X'),('246ZB0301X'),('385HR2060X'),('2251E1300X'),('207ZP0104X'),('103TP2700X'),('2084A0401X'),('2084H0002X'),('291U00000X'),('101YM0800X'),('251G00000X'),('235Z00000X'),('1041C0700X'),('2085R0205X'),('246RM2200X'),('367A00000X'),('246QB0000X'),('213EG0000X'),('1223X0400X'),('207PH0002X'),('207WX0107X'),('207XX0004X'),('103TF0000X'),('207ZC0008X'),('3416A0800X'),('261QH0700X'),('261QR0206X'),('224ZE0001X'),('261QR0404X'),('282NW0100X'),('208C00000X'),('385HR2050X'),('1835N0905X'),('2278P1005X'),('1223P0221X'),('163WP0807X'),('207VX0201X'),('207RN0300X'),('207YX0007X'),('207YS0012X'),('2084B0002X'),('207SM0001X'),('282NC0060X'),('163WC1400X'),('208G00000X'),('332B00000X'),('261QS1200X'),('207RA0201X'),('2080S0012X'),('2865X1600X'),('363LX0001X'),('3336M0002X'),('364SP0812X'),('364SP1700X'),('261QB0400X'),('133V00000X'),('101YP1600X'),('2471S1302X'),('207RS0012X'),('146L00000X'),('101YS0200X'),('163WC2100X'),('246QL0900X'),('364SI0800X'),('225XG0600X'),('246XC2903X'),('2251H1300X'),('2085D0003X'),('2080P0204X'),('2084P2900X'),('207VX0000X'),('363LP0222X'),('111NR0200X'),('207QH0002X'),('111NN0400X'),('1835C0205X'),('224ZL0004X'),('261QM2800X'),('2085R0204X'),('174N00000X'),('332900000X'),('132700000X'),('2472R0900X'),('311500000X'),('207SG0202X'),('2081S0010X'),('163WD1100X'),('364SX0200X'),('225CX0006X'),('261QM1200X'),('246ZI1000X'),('175F00000X'),('163WS0121X'),('103TC1900X'),('2472D0500X'),('313M00000X'),('390200000X'),('2471C1101X'),('163WR0006X'),('246ZG1000X'),('208M00000X'),('1223D0001X'),('251300000X'),('207WX0109X'),('364SP0811X'),('320800000X'),('103TB0200X'),('207ZM0300X'),('213ER0200X'),('152W00000X'),('273R00000X'),('2355S0801X'),('2085R0001X'),('163WA0400X'),('103GC0700X'),('374J00000X'),('OT'),('364SP0808X'),('207KI0005X'),('207PT0002X'),('2080P0201X'),('163WC1600X'),('174V00000X'),('171WH0202X'),('111NX0100X'),('261QM2500X'),('125Q00000X'),('207RG0100X'),('305R00000X'),('332100000X'),('225700000X'),('2279G1100X'),('311Z00000X'),('1744G0900X'),('2086X0206X'),('207ZC0500X'),('246YR1600X'),('246ZC0007X'),('261QC1500X'),('347E00000X'),('163WH1000X'),('314000000X'),('2080H0002X'),('261QP0905X'),('283XC2000X'),('152WC0802X'),('207RA0001X'),('3336H0001X'),('261QM0801X'),('163WH0200X'),('106S00000X'),('152WX0102X'),('163WR1000X'),('163WM1400X'),('213EP0504X'),('341800000X'),('152WP0200X'),('3336C0004X'),('281PC2000X'),('282NR1301X'),('103G00000X'),('225XF0002X'),('207VM0101X'),('225X00000X'),('103K00000X'),('347B00000X'),('251J00000X'),('207UN0903X'),('225400000X'),('2255R0406X'),('207VE0102X'),('2279P4000X'),('2471C3401X'),('323P00000X'),('261QD1600X'),('2080P0216X'),('2084N0008X'),('2471B0102X'),('207ZF0201X'),('101YP2500X'),('224ZF0002X'),('207P00000X'),('251E00000X'),('2278P1006X'),('372500000X'),('176P00000X'),('122300000X'),('2472B0301X'),('102L00000X'),('156FX1101X'),('3747P1801X'),('207VH0002X'),('3140N1450X'),('207NI0002X'),('207ZP0105X'),('1223P0300X'),('104100000X'),('163WL0100X'),('261QG0250X'),('208800000X'),('1744R1102X'),('225XE1200X'),('261QA0900X'),('2278H0200X'),('103TM1800X'),('332BN1400X'),('2278P3900X'),('246YC3301X'),('246W00000X'),('251F00000X'),('364SP0810X'),('207WX0200X'),('207NP0225X'),('261QF0400X'),('2279E0002X'),('207RC0200X'),('225000000X'),('237700000X'),('364SC0200X'),('405300000X'),('246ZB0600X'),('2084N0400X'),('163WI0600X'),('363LP0200X'),('209800000X'),('292200000X'),('373H00000X'),('1835P0018X'),('207QA0505X'),('2082S0099X'),('364SR0400X'),('364SF0001X'),('1835G0303X'),('261QU0200X'),('363L00000X'),('3336M0003X'),('133VN1004X'),('367500000X'),('103T00000X'),('207L00000X'),('163WS0200X'),('364SP0807X'),('2085U0001X'),('207QG0300X'),('3416L0300X'),('164W00000X'),('1710I1003X'),('207LP3000X'),('2084S0010X'),('174400000X'),('231H00000X'),('231HA2500X'),('247ZC0005X'),('2251X0800X'),('183500000X'),('363LC1500X'),('101Y00000X'),('2251S0007X'),('246QL0901X'),('364SE0003X'),('2080P0205X'),('2355A2700X'),('163WG0600X'),('246QM0900X'),('207X00000X'),('170100000X'),('261QE0002X'),('222Z00000X'),('3418M1120X'),('2279E1000X'),('2086S0120X'),('1744P3200X'),('173C00000X'),('2865C1500X'),('261QM1300X'),('374U00000X'),('2251P0200X'),('364SM0705X'),('103TH0100X'),('171WV0202X'),('207SG0201X'),('246Q00000X'),('225XM0800X'),('207ZH0000X'),('103TE1100X'),('125J00000X'),('2080I0007X'),('225XL0004X'),('2472E0500X'),('176B00000X'),('2865M2000X'),('163WX0002X'),('172M00000X'),('207RH0000X')
;


SELECT 'VS_PRESCRIBING_RX_BASIS' as "PROCESSING TABLE:";
INSERT IGNORE INTO `VS_PRESCRIBING_RX_BASIS` (`RX_BASIS`)
VALUES ('02'),('NI'),('01'),('OT'),('UN')
;


SELECT 'VS_DEMOGRAPHIC_SEX' as "PROCESSING TABLE:";
INSERT IGNORE INTO `VS_DEMOGRAPHIC_SEX` (`SEX`)
VALUES ('A'),('NI'),('F'),('M'),('UN'),('OT')
;


SELECT 'VS_HARVEST_PRO_DATE_MGMT' as "PROCESSING TABLE:";
INSERT IGNORE INTO `VS_HARVEST_PRO_DATE_MGMT` (`PRO_DATE_MGMT`)
VALUES ('02'),('03'),('01'),('04'),('NI'),('UN'),('OT')
;


SELECT 'VS_OBSCLIN_OBSCLIN_RESULT_MODIFIER' as "PROCESSING TABLE:";
INSERT IGNORE INTO `VS_OBSCLIN_OBSCLIN_RESULT_MODIFIER` (`OBSCLIN_RESULT_MODIFIER`)
VALUES ('NI'),('GT'),('TX'),('LT'),('GE'),('LE'),('UN'),('OT'),('EQ')
;


SELECT 'VS_HARVEST_MEDADMIN_START_DATE_MGMT' as "PROCESSING TABLE:";
INSERT IGNORE INTO `VS_HARVEST_MEDADMIN_START_DATE_MGMT` (`MEDADMIN_START_DATE_MGMT`)
VALUES ('02'),('03'),('01'),('04'),('NI'),('UN'),('OT')
;


SELECT 'VS_HARVEST_RX_ORDER_DATE_MGMT' as "PROCESSING TABLE:";
INSERT IGNORE INTO `VS_HARVEST_RX_ORDER_DATE_MGMT` (`RX_ORDER_DATE_MGMT`)
VALUES ('02'),('03'),('01'),('04'),('NI'),('UN'),('OT')
;


SELECT 'VS_VITAL_TOBACCO_TYPE' as "PROCESSING TABLE:";
INSERT IGNORE INTO `VS_VITAL_TOBACCO_TYPE` (`TOBACCO_TYPE`)
VALUES ('02'),('03'),('01'),('04'),('NI'),('05'),('UN'),('OT')
;


SELECT 'VS_HARVEST_RX_END_DATE_MGMT' as "PROCESSING TABLE:";
INSERT IGNORE INTO `VS_HARVEST_RX_END_DATE_MGMT` (`RX_END_DATE_MGMT`)
VALUES ('02'),('03'),('01'),('04'),('NI'),('UN'),('OT')
;


SELECT 'VS_LABRESULTCM_PRIORITY' as "PROCESSING TABLE:";
INSERT IGNORE INTO `VS_LABRESULTCM_PRIORITY` (`PRIORITY`)
VALUES ('NI'),('E'),('S'),('R'),('UN'),('OT')
;


SELECT 'VS_HARVEST_ENR_END_DATE_MGMT' as "PROCESSING TABLE:";
INSERT IGNORE INTO `VS_HARVEST_ENR_END_DATE_MGMT` (`ENR_END_DATE_MGMT`)
VALUES ('02'),('03'),('01'),('04'),('NI'),('UN'),('OT')
;


SELECT 'VS_DISPENSING_DISPENSE_DOSE_DISP_UNIT' as "PROCESSING TABLE:";
INSERT IGNORE INTO `VS_DISPENSING_DISPENSE_DOSE_DISP_UNIT` (`DISPENSE_DOSE_DISP_UNIT`)
VALUES ('mPa.s'),('lm.m2'),('[IU]/kg'),('ug/(100.g)'),('[IU]/(24.h)'),('mg/{total_output}'),('{Log_IU}'),('[APL\'U]/mL'),('{CAE\'U}'),('osm'),('pg/L'),('mmol/kg'),('{#}/[HPF]'),('10*6/mL'),('{activity}'),('10*12/L'),('um/s'),('cm2'),('ng/dL'),('[tsp_us]'),('dyn.s/(cm.m2)'),('kU/mL'),('nkat'),('10*3/L'),('mU/mmol{creat}'),('s/{control}'),('pkat'),('U{37Cel}/L'),('u[IU]/L'),('mg'),('meq/m2'),('{Rubella_virus}'),('/[arb\'U]'),('mmol/mmol{creat}'),('mg/{specimen}'),('%{recovery}'),('{cells}'),('pmol/min'),('Gy'),('ng/10*6'),('meq/mL'),('mg/(72.h)'),('10*4/uL'),('mg/kg/min'),('{titer}'),('{CH100\'U}'),('umol/mL'),('/mg'),('[beth\'U]'),('/mo'),('/mm'),('A'),('ueq'),('ng/mL{RBCs}'),('U/mL'),('ng{FEU}/mL'),('g/{total_output}'),('g/(48.h)'),('mm[Hg]'),('mL/(2.h)'),('/mL'),('eq/mmol'),('mg/m3'),('mg/m2'),('ug{FEU}/mL'),('daL/min'),('{ARU}'),('/uL'),('meq/g{creat}'),('mg/mL'),('K'),('pmol/dL'),('/m3'),('/m2'),('meq'),('{EIA_titer}'),('Ms'),('[pH]'),('ng/kg'),('g/(4.h)'),('mg/L{RBCs}'),('%{reactive}'),('{Lyme_index_value}'),('Ohm.m'),('{#}/L'),('U/10'),('umol/L/h'),('mmol/{total_vol}'),('kcal'),('K/W'),('[lb_av]'),('nmol/dL{GF}'),('mg/(2.h)'),('g/kg/(8.h){shift}'),('/kg{body_wt}'),('/100{cells}'),('L/(24.h)'),('mmol/L{RBCs}'),('U{25Cel}/L'),('mL/(24.h)'),('mmol/mmol{urea}'),('10*3'),('[MPL\'U]'),('10*8'),('m2'),('10*5'),('10*6'),('L/kg'),('{MPS\'U}'),('{FIU}'),('mA'),('F'),('[mi_i]'),('[degF]'),('ug/g{tissue}'),('mg/d'),('/10*12{RBCs}'),('mV'),('V'),('kg/m3'),('kg/m2'),('g/h/m2'),('10*6.[IU]'),('{ELISA\'U}'),('[tb\'U]'),('ug/dL{RBCs}'),('%{total}'),('mm'),('eq/umol'),('ag/{cell}'),('[mclg\'U]'),('{APS\'U}'),('mol/kg/s'),('/g{wet_tis}'),('erg'),('{Log}'),('ms'),('cal'),('{AHF\'U}'),('mo'),('deg'),('ug/(8.h)'),('umol/min'),('ug/mmol'),('mmol/kg/min'),('%{hemolysis}'),('kU/L{class}'),('mmol/mmol'),('umol/mol{Hb}'),('L/(8.h)'),('nmol/mg{prot}'),('%{abnormal}'),('g/{specimen}'),('{copies}'),('[IU]/kg/d'),('mg/{collection}'),('UN'),('H'),('mosm/kg'),('[CFU]/L'),('nm/s/L'),('{M.o.M}'),('{absorbance}'),('pg/mg'),('ng/10*6{RBCs}'),('kPa'),('meq/h'),('fg'),('N.cm'),('meq/g'),('fm'),('meq/d'),('a'),('mL/{beat}'),('mL/{beat}/m2'),('ug/mg{creat}'),('ng/min'),('pg/mg{creat}'),('meq/L'),('nU/mL'),('10*9/mL'),('fL'),('%{index}'),('/{OIF}'),('nmol/s/L'),('meq/dL'),('g{total_nit}'),('g/mg'),('ng/g{creat}'),('ug/g{creat}'),('{INR}'),('{mutation}'),('[sin_i]'),('g/mL'),('{STDV}'),('%{baseline}'),('/min'),('lm'),('nmol/g{dry_wt}'),('24.h'),('umol/min/L'),('%{loss_AChR}'),('{Ehrlich\'U}/dL'),('U/10*12{RBCs}'),('{IFA_index}'),('L'),('ug/m2'),('mmol/kg/(8.h)'),('meq/{total_volume}'),('cSt'),('ng/mg/h'),('[ft_i]'),('g/m2'),('mL/kg'),('kcal/h'),('mg/g{tissue}'),('kcal/kg/(24.h)'),('A/m'),('{GAA_repeats}'),('kcal/d'),('mmol/kg/d'),('g/dL'),('mmol/kg/h'),('nmol/umol{creat}'),('fmol'),('ng/(8.h)'),('cm[H2O]/L/s'),('10*6/uL'),('[syd_i]'),('g/(3.d)'),('g/cm3'),('mL/(72.h)'),('mm2'),('[bdsk\'U]'),('nmol/mL/h'),('eq'),('/g{Hb}'),('uOhm'),('{spermatozoa}/mL'),('pmol/(24.h)'),('%{excretion}'),('nmol/L{RBCs}'),('mg/kg/d'),('osm/L'),('umol/g{Hb}'),('eV'),('kg/min'),('umol/min/g'),('[IU]'),('ug/mmol{creat}'),('{KCT\'U}'),('mL/dL'),('mg/(6.h)'),('/10*4{RBCs}'),('{Ehrlich\'U}/d'),('{MPS\'U}/mL'),('[knk\'U]'),('[arb\'U]'),('umol/min/g{prot}'),('g'),('atm'),('[psi]'),('%{uptake}'),('mg/(24.h)'),('[dr_av]'),('g/(12.h)'),('U/g{protein}'),('mmol/h/mg{prot}'),('cm2/s'),('{clock_time}'),('eq/L'),('{RBC}/uL'),('g/(8.h){shift}'),('pg/mL'),('g.m/{beat}'),('uL/h'),('%{deficient}'),('{KRONU\'U}/mL'),('mU/mg{creat}'),('[IU]/min'),('mg/wk'),('nmol/h/L'),('Cel'),('ug/mL{class}'),('pg/mm'),('mg/kg/(8.h)'),('L/(min.m2)'),('/g{tot_nit}'),('{#}/mL'),('[IU]/L{37Cel}'),('g/g{creat}'),('nmol{ATP}'),('pmol/d'),('nmol/min/10*6{cells}'),('nmol/min/mL'),('{minidrop}/s'),('u[IU]/mL'),('ng/mL/h'),('nmol/mg{prot}/h'),('mg/mmol'),('ug/g{dry_tissue}'),('[IU]/L'),('umol/mL/min'),('[pt_us]'),('{CAG_repeats}'),('[pptr]'),('nmol/g{creat}'),('k[IU]/L'),('pg/dL'),('pmol/min/mg{prot}'),('[in_i]'),('[IU]/g'),('U/10*10{cells}'),('[CFU]/mL'),('%{activity}'),('{dilution}'),('{s_co_ratio}'),('[IU]/h'),('ug/(24.h)'),('{percentile}'),('ug'),('g/(72.h)'),('[ppb]'),('cm[H2O]'),('[cin_i]'),('mg/{total_volume}'),('/100{spermatozoa}'),('nmol/L'),('kat/kg'),('{GPS\'U}'),('/mmol{creat}'),('umol{BCE}/mol'),('pmol/h/mL'),('%{dose}'),('mmol/(24.h)'),('[ppm]'),('ug/[sft_i]'),('min'),('nU/{RBC}'),('mg/dL{RBCs}'),('umol/L{RBCs}'),('nmol/s'),('[foz_us]'),('mol/mL'),('nmol/d'),('nmol/g'),('/10*3{RBCs}'),('g/L'),('nmol/L/mmol{creat}'),('uV'),('mmol/m2'),('ug/g{feces}'),('/wk'),('mosm'),('mol/m3'),('{#}/[LPF]'),('ug/kg/(8.h)'),('kL'),('%{loss}'),('ug/ng'),('kU'),('kat'),('%{positive}'),('kU/g'),('uU/L'),('J/L'),('mL/(4.h)'),('{EIA_index}'),('kg'),('g/h'),('U/10*9'),('g/d'),('g/g'),('mosm/L'),('m'),('%{basal_activity}'),('km'),('uU/g'),('kU/L'),('umol/mg'),('[IU]/10*9{RBCs}'),('[gal_us]'),('umol'),('g/g{tissue}'),('{ImmuneComplex\'U}'),('mmol/min'),('g/(24.h)'),('ng/L'),('mmol/{ejaculate}'),('mL/(12.h)'),('g/(5.h)'),('%{blockade}'),('%{binding}'),('U/dL'),('mL/mbar'),('g{creat}'),('10*6/L'),('10*3/mL'),('dm'),('nmol/dL'),('[IU]/mg{creat}'),('dg'),('pmol/{RBC}'),('{JDF\'U}/L'),('mmol/{specimen}'),('g/{total_weight}'),('mL/(6.h)'),('%{relative}'),('%{pooled_plasma}'),('/[HPF]'),('{Log_IU}/mL'),('dL'),('bar'),('nmol'),('{EV}'),('ug/g{hair}'),('h'),('{cells}/[HPF]'),('dB'),('ug/L{RBCs}'),('nmol/m/mg{prot}'),('g/kg/(8.h)'),('{shift}'),('10*3{RBCs}'),('{binding_index}'),('umol/umol'),('nmol/mol'),('mg/kg/h'),('nmol/mg/h'),('%{Hb}'),('g/mmol'),('nmol/h/mg{prot}'),('/kg'),('mmol/h/mg{Hb}'),('g/kg/d'),('{Ehrlich\'U}/100.g'),('%{bound}'),('ug/mg'),('g/kg/h'),('{Ehrlich\'U}'),('mU/mg'),('ug/kg'),('mg/dL'),('Pa'),('{mm/dd/yyyy}'),('ug/g{Hb}'),('meq/min'),('pmol/mmol{creat}'),('L/s/s2'),('{#}/min'),('{Pan_Bio\'U}'),('ug/mL'),('[oz_av]'),('[IU]/d'),('U/mmol{creat}'),('cm[H2O]/s/m'),('m3/s'),('U/(12.h)'),('10*9/L'),('U/(24.h)'),('mU/mL'),('[ka\'U]'),('nmol/mg'),('%{breakdown}'),('U/(10.g){feces}'),('[GPL\'U]'),('[IU]/g{Hb}'),('{saturation}'),('mbar/L/s'),('wk'),('ng/mg{prot}'),('/100'),('S'),('mmol/h'),('U/(2.h)'),('pg/{cell}'),('mbar'),('ug/L'),('ug/m3'),('kg/L'),('kg/s'),('%{reference}'),('umol/(2.h)'),('nmol/mL'),('%{inhibition}'),('{EIA\'U}/U'),('%{WBCs}'),('s'),('ug/d'),('ug/g'),('ug/mL{eqv}'),('ug/h'),('kg/h'),('umol/dL'),('mbar.s/L'),('kcal/[oz_av]'),('cm'),('/10*6'),('m/s'),('cg'),('{Log_copies}/mL'),('umol/mmol{creat}'),('pm'),('mol/mol'),('pA'),('meq/(2.h)'),('/10*3'),('pL'),('ps'),('nmol/mmol'),('%{at_60_min}'),('cL'),('mU/g'),('kg/mol'),('umol/kg'),('meq/kg'),('kg.m/s'),('meq/{specimen}'),('cP'),('[drp]'),('nmol/mg{creat}'),('%{lysis}'),('10.L/(min.m2)'),('{Globules}/[HPF]'),('[Ch]'),('mL/h'),('ug/kg/h'),('mL/d'),('k[IU]/mL'),('%{cells}'),('mg/mg'),('N'),('fmol/mg{prot}'),('/g{tot_prot}'),('meq/(8.h)'),('ug/dL'),('{copies}/mL'),('mL/s'),('mmol/(12.h)'),('meq/(24.h)'),('/100{neutrophils}'),('pmol/h/mg{prot}'),('{HA_titer}'),('/dL'),('mmol/mol'),('ng/mL'),('{IFA_titer}'),('/10*12'),('mmol/mol{creat}'),('/10*10'),('mmol/(5.h)'),('mg/h'),('/L'),('/100{WBCs}'),('%{penetration}'),('[CFU]'),('L/min'),('U/10*12'),('mg/g'),('U/10*10'),('mg/d/{1.73_m2}'),('mmol/s/L'),('/U'),('[qt_us]'),('mm/h'),('mL{fetal_RBCs}'),('mg/L'),('/h'),('/g'),('/d'),('{JDF\'U}'),('/a'),('ug/{specimen}'),('[IU]/mL'),('g{Hb}'),('/s'),('mmol/(2.h)'),('umol/kg{feces}'),('g.m'),('[tbs_us]'),('nmol/mmol{creat}'),('pmol/mg{prot}'),('U/g{creat}'),('pmol/umol'),('U/min'),('meq/kg/h'),('ng/mg'),('ng/mg{creat}'),('umol/g{creat}'),('mol/s'),('mg/g{feces}'),('{delta_OD}'),('ueq/mL'),('nmol{BCE}'),('g{wet_tissue}'),('%{normal}'),('{beats}/min'),('{cells}/uL'),('10*6/kg'),('%{blocked}'),('umol/h'),('10*6/(24.h)'),('umol/dL{GF}'),('10*3{copies}/mL'),('/cm[H2O]'),('mol'),('umol/d'),('ug/L/(24.h)'),('umol/g'),('mU/L'),('{minidrop}/min'),('u[IU]'),('mL/kg/(8.h)'),('eq/mL'),('{index_val}'),('/[LPF]'),('umol/L'),('pT'),('[todd\'U]'),('umol/mmol'),('[HPF]'),('ng/m2'),('ng/kg/h'),('Bq'),('U/mL{RBCs}'),('umol/(24.h)'),('mmol/d'),('mg/g{dry_tissue}'),('mg/mg{creat}'),('pmol/L'),('g/(6.h)'),('L/d'),('{fraction}'),('L/h'),('mmol/g'),('/g{creat}'),('L/s'),('[yd_i]'),('T'),('umol/mg{creat}'),('mL/min/{1.73_m2}'),('mg/g{wet_tissue}'),('[APL\'U]'),('{WBCs}'),('Ohm'),('d'),('pmol/g'),('10*3/uL'),('g/min'),('mL/[sin_i]'),('[IU]/dL'),('mg/kg'),('g/kg/min'),('mg/mmol{creat}'),('OT'),('%{saturation}'),('ng/kg/(8.h)'),('mL/(5.h)'),('mmol/g{creat}'),('{EIA\'U}'),('g/kg'),('mL/min/m2'),('{TSI_index}'),('mg/min'),('L/L'),('%{bacteria}'),('mL/min'),('osm/kg'),('Hz'),('mol/L'),('mL/kg/h'),('deg/s'),('mL/kg/d'),('umol/(8.h)'),('{phenotype}'),('nmol/min/mg{prot}'),('m[IU]/L'),('daL/min/m2'),('umol/umol{creat}'),('N.s'),('mL/(8.h)/kg'),('t'),('mU/g{Hb}'),('uL/(2.h)'),('Wb'),('%{vol}'),('{genomes}/mL'),('mL/cm[H2O]'),('nmol/nmol'),('nmol/(24.h)'),('mmol'),('%{RBCs}'),('pg/{RBC}'),('[MPL\'U]/mL'),('nmol/mL/min'),('{CPM}/10*3{cell}'),('g/g{globulin}'),('mmol/(8.h)'),('[ppth]'),('U'),('m2/s'),('fmol/mL'),('g/mol{creat}'),('{Ehrlich\'U}/(2.h)'),('U/d'),('/(12.h)'),('kg/(s.m2)'),('Torr'),('umol/mol'),('mol/kg'),('NI'),('{count}'),('cm[Hg]'),('{CPM}'),('nmol{BCE}/L'),('fmol/mg'),('ukat'),('g/(100.g)'),('%{aggregation}'),('mm/min'),('uU/mL'),('[AU]'),('mg/(8.h)'),('pmol/mL'),('pg'),('%{viable}'),('kat/L'),('nmol/min'),('{#}'),('J'),('{ratio}'),('ng/s'),('uL'),('ng/h'),('ng/d'),('ng/g'),('mL/(8.h)'),('{copies}/ug'),('dm2/s2'),('U/g{Hb}'),('ug/g{dry_wt}'),('ng/U'),('us'),('um'),('mL/kg/min'),('mU/mmol{RBCs}'),('U/10*6'),('10.uN.s/(cm5.m2)'),('mU/g{prot}'),('mg{FEU}/L'),('fmol/mg{cyt_prot}'),('mmol/(6.h)'),('pmol/umol{creat}'),('nL'),('[sft_i]'),('umol/min/g{mucosa}'),('/10*9'),('{#}/{platelet}'),('mm[H2O]'),('{#}/uL'),('/[IU]'),('dyn.s/cm'),('mmol/L'),('{OD_unit}'),('pmol'),('ks'),('mL/m2'),('nmol/min/mg{Hb}'),('%'),('nm'),('umol/mol{creat}'),('mPa'),('ug/min'),('mg/g{creat}'),('ng'),('g{total_prot}'),('mL/(10.h)'),('U/kg{Hb}'),('/{entity}'),('mL'),('[in_i\'H2O]'),('{rel_saturation}'),('mU/mL/min'),('ns'),('%{residual}'),('10*6.[CFU]/L'),('U/s'),('m[IU]/mL'),('ug/kg/d'),('[GPL\'U]/mL'),('mg/(10.h)'),('fmol/L'),('Sv'),('{ISR}'),('10*9/uL'),('U/g'),('ug/kg/min'),('m/s2'),('10.L/min'),('ng/kg/min'),('U/h'),('mmol/dL'),('ueq/L'),('ng/(24.h)'),('[LPF]'),('fmol/g'),('[oz_tr]'),('[ppm]{v/v}'),('[IU]/(2.h)'),('[arb\'U]/mL'),('mL/mm'),('mg/(12.h)'),('U/L')
;


SELECT 'VS_DEMOGRAPHIC_SEXUAL_ORIENTATION' as "PROCESSING TABLE:";
INSERT IGNORE INTO `VS_DEMOGRAPHIC_SEXUAL_ORIENTATION` (`SEXUAL_ORIENTATION`)
VALUES ('NI'),('QS'),('LE'),('QU'),('DC'),('BI'),('ST'),('MU'),('AS'),('UN'),('GA'),('OT'),('SE')
;


SELECT 'VS_ENCOUNTER_FACILITY_TYPE' as "PROCESSING TABLE:";
INSERT IGNORE INTO `VS_ENCOUNTER_FACILITY_TYPE` (`FACILITY_TYPE`)
VALUES ('HOSPITAL_OUTPATIENT_FAMILY_MEDICINE_CLINIC'),('SOLO_PRACTICE_PRIVATE_OFFICE'),('HOSPITAL_OUTPATIENT_RESPIRATORY_DISEASE_CLINIC'),('SUBSTANCE_ABUSE_TREATMENT_CENTER'),('HOSPITAL_OUTPATIENT_GYNECOLOGY_CLINIC'),('FREE_STANDING_LABORATORY_FACILITY'),('HOSPITAL_SHIP'),('DIALYSIS_UNIT_HOSPITAL'),('CARE_OF_THE_ELDERLY_DAY_HOSPITAL'),('HOSPITAL_OUTPATIENT_ALLERGY_CLINIC'),('HOSPITAL_OUTPATIENT_MENTAL_HEALTH_CENTER'),('CONTAINED_CASUALTY_SETTING'),('HOSPITAL_OUTPATIENT_RHEUMATOLOGY_CLINIC'),('HOSPITAL_TRAUMA_CENTER'),('HELICOPTER_BASED_CARE'),('HOSPITAL_OUTPATIENT_OBSTETRICAL_CLINIC'),('CHILD_DAY_CARE_CENTER'),('HOSPITAL_OUTPATIENT_PAIN_CLINIC'),('HOSPITAL_OUTPATIENT_GASTROENTEROLOGY_CLINIC'),('INDEPENDENT_AMBULATORY_CARE_PROVIDER_SITE_OTHER'),('PRIVATE_RESIDENTIAL_HOME'),('HOSPITAL_BIRTHING_CENTER'),('HOSPITAL_OUTPATIENT_PEDIATRIC_CLINIC'),('ADULT_DAY_CARE_CENTER'),('HEALTH_MAINTENANCE_ORGANIZATION'),('VACCINATION_CLINIC'),('TRAVELERS_AID_CLINIC'),('AMBULATORY_CARE_SITE  _OTHER'),('HOSPITAL_LONG_TERM_CARE'),('HOSPITAL_OUTPATIENT_OTORHINOLARYNGOLOGY_CLINIC'),('HEALTH_ENCOUNTER_SITE_NOT_LISTED'),('HOSPITAL_CHILDRENS'),('HOSPITAL_COMMUNITY'),('HOSPITAL_GOVERNMENT'),('PSYCHOGERIATRIC_DAY_HOSPITAL'),('FREE_STANDING_GERIATRIC_HEALTH_CENTER'),('HOSPITAL_OUTPATIENT_IMMUNOLOGY_CLINIC'),('HOSPITAL_RADIOLOGY_FACILITY'),('FREE_STANDING_AMBULATORY_SURGERY_FACILITY'),('HOSPITAL_VETERANS_ADMINISTRATION'),('HOSPITAL_OUTPATIENT_HEMATOLOGY_CLINIC'),('HOSPITAL_PRISON'),('HOSPITAL_OUTPATIENT_ONCOLOGY_CLINIC'),('LOCAL_COMMUNITY_HEALTH_CENTER'),('HOSPITAL_BASED_OUTPATIENT_CLINIC_OR_DEPARTMENT_OTHER'),('HOSPITAL_OUTPATIENT_GENERAL_SURGERY_CLINIC'),('RESIDENTIAL_SCHOOL_INFIRMARY'),('HOSPITAL_OUTPATIENT_REHABILITATION_CLINIC'),('HOSPITAL_REHABILITATION'),('HOSPITAL_OUTPATIENT_ENDOCRINOLOGY_CLINIC'),('HOSPITAL_OUTPATIENT_OPHTHALMOLOGY_CLINIC'),('SKILLED_NURSING_FACILITY'),('HOSPITAL_MILITARY_FIELD'),('HOSPITAL_OUTPATIENT_PERIPHERAL_VASCULAR_CLINIC'),('AMBULATORY_SURGERY_CENTER'),('PRIVATE_PHYSICIANS_GROUP_OFFICE'),('SPORTS_FACILITY'),('HOSPITAL_OUTPATIENT_NEUROLOGY_CLINIC'),('FREE_STANDING_MENTAL_HEALTH_CENTER'),('SEXUALLY_TRANSMITTED_DISEASE_HEALTH_CENTER'),('RURAL_HEALTH_CENTER'),('NURSING_HOME'),('AMBULANCE_BASED_CARE'),('EMERGENCY_DEPARTMENT_HOSPITAL'),('FREE_STANDING_BIRTHING_CENTER'),('OT'),('HOSPITAL_OUTPATIENT_INFECTIOUS_DISEASE_CLINIC'),('HOSPITAL_OUTPATIENT_DENTAL_CLINIC'),('HOSPITAL_OUTPATIENT_ORTHOPEDICS_CLINIC'),('HOSPITAL_PSYCHIATRIC'),('WALK_IN_CLINIC'),('FEE_FOR  _SERVICE_PRIVATE_PHYSICIANS_GROUP_OFFICE'),('HOSPITAL_OUTPATIENT_GERIATRIC_HEALTH_CENTER'),('UN'),('ELDERLY_ASSESSMENT_CLINIC'),('HOSPITAL_OUTPATIENT_UROLOGY_CLINIC'),('NI'),('HOSPICE_FACILITY'),('RESIDENTIAL_INSTITUTION'),('HOSPITAL_AMBULATORY_SURGERY_FACILITY'),('FREE_STANDING_RADIOLOGY_FACILITY'),('HOSPITAL_OUTPATIENT_DERMATOLOGY_CLINIC')
;


SELECT 'VS_PROVIDER_PROVIDER_NPI_FLAG' as "PROCESSING TABLE:";
INSERT IGNORE INTO `VS_PROVIDER_PROVIDER_NPI_FLAG` (`PROVIDER_NPI_FLAG`)
VALUES ('Y'),('N')
;


SELECT 'VS_HARVEST_DISPENSE_DATE_MGMT' as "PROCESSING TABLE:";
INSERT IGNORE INTO `VS_HARVEST_DISPENSE_DATE_MGMT` (`DISPENSE_DATE_MGMT`)
VALUES ('02'),('03'),('01'),('04'),('NI'),('UN'),('OT')
;


SELECT 'VS_HARVEST_DEATH_DATE_MGMT' as "PROCESSING TABLE:";
INSERT IGNORE INTO `VS_HARVEST_DEATH_DATE_MGMT` (`DEATH_DATE_MGMT`)
VALUES ('02'),('03'),('01'),('04'),('NI'),('UN'),('OT')
;

